#0 building with "default" instance using docker driver

#1 [internal] load build definition from Dockerfile
#1 transferring dockerfile: 1.52kB done
#1 DONE 0.0s

#2 [internal] load metadata for registry.fedoraproject.org/fedora@sha256:711261231459f5ebc6694f7eb2b4b427b87fb6272df8b6663cb4bcbdbb220e9f
#2 DONE 0.0s

#3 [internal] load .dockerignore
#3 transferring context: 2B done
#3 DONE 0.0s

#4 [1/5] FROM registry.fedoraproject.org/fedora@sha256:711261231459f5ebc6694f7eb2b4b427b87fb6272df8b6663cb4bcbdbb220e9f
#4 DONE 0.0s

#5 [internal] load build context
#5 transferring context: 2.67kB done
#5 DONE 0.0s

#6 [2/5] RUN dnf --setopt=install_weak_deps=False -y install       bash ca-certificates coreutils curl findutils glibc-langpack-en jq procps-ng shadow-utils       tini tzdata util-linux     && groupadd --gid 1000 quasar     && useradd --no-log-init --uid 1000 --gid 1000 --home-dir /home/quasar --create-home --shell /bin/bash quasar     && dnf clean all     && rm -rf /var/cache/dnf
#6 CACHED

#7 [3/5] COPY overlay/usr/local/bin/quasar-entrypoint /usr/local/bin/quasar-entrypoint
#7 CACHED

#8 [4/5] COPY overlay/etc/quasar/init.d/ /etc/quasar/init.d/
#8 CACHED

#9 [5/5] RUN chmod 0755 /usr/local/bin/quasar-entrypoint     && mkdir -p /var/lib/quasar /var/cache/quasar /etc/quasar/init.d     && chmod 0755 /var/lib/quasar /var/cache/quasar
#9 CACHED

#10 exporting to image
#10 exporting layers done
#10 writing image sha256:e01d8f40f869aebe220b2eff418b2079c37fb5170f5aaf48d3e5b6838df61f38 done
#10 naming to docker.io/library/quasar-base:dev done
#10 DONE 0.0s
#0 building with "default" instance using docker driver

#1 [internal] load build definition from Dockerfile
#1 transferring dockerfile: 1.32kB done
#1 DONE 0.0s

#2 [internal] load metadata for docker.io/library/quasar-base:dev
#2 DONE 0.0s

#3 [internal] load .dockerignore
#3 transferring context: 2B done
#3 DONE 0.0s

#4 [1/7] FROM docker.io/library/quasar-base:dev
#4 CACHED

#5 [internal] load build context
#5 transferring context: 3.03kB done
#5 DONE 0.1s

#6 [2/7] RUN dnf --setopt=install_weak_deps=False -y install       alsa-plugins-pulseaudio alsa-lib       egl-wayland libglvnd-egl libglvnd-gles libglvnd-glx       libwayland-client libwayland-cursor libwayland-egl libxkbcommon       mesa-dri-drivers mesa-libEGL mesa-libGL mesa-libGLES mesa-libgbm       mesa-vulkan-drivers pipewire-libs pulseaudio-libs       vulkan-loader vulkan-tools     && dnf clean all     && rm -rf /var/cache/dnf
#6 0.240 Updating and loading repositories:
#6 4.025  Fedora 43 - x86_64                     100% |   9.4 MiB/s |  35.4 MiB |  00m04s
#6 4.030  Fedora 43 openh264 (From Cisco) - x86_ 100% |   2.1 KiB/s |   5.8 KiB |  00m03s
#6 4.179  Fedora 43 - x86_64 - Updates           100% |  10.6 MiB/s |  28.3 MiB |  00m03s
#6 6.220 Repositories loaded.
#6 7.153 Package                  Arch   Version                 Repository      Size
#6 7.153 Installing:
#6 7.153  alsa-lib                x86_64 1.2.16.1-1.fc43         updates      1.5 MiB
#6 7.153  alsa-plugins-pulseaudio x86_64 1.2.12-5.fc43           fedora     120.5 KiB
#6 7.153  egl-wayland             x86_64 1.1.21-1.fc43           updates     83.4 KiB
#6 7.153  libglvnd-gles           x86_64 1:1.7.0-8.fc43          fedora      97.9 KiB
#6 7.153  libglvnd-glx            x86_64 1:1.7.0-8.fc43          fedora     601.2 KiB
#6 7.153  libwayland-client       x86_64 1.25.0-1.fc43           updates     66.0 KiB
#6 7.153  libwayland-cursor       x86_64 1.25.0-1.fc43           updates     37.2 KiB
#6 7.153  libwayland-egl          x86_64 1.25.0-1.fc43           updates     12.3 KiB
#6 7.153  libxkbcommon            x86_64 1.11.0-1.fc43           fedora     408.2 KiB
#6 7.153  mesa-dri-drivers        x86_64 25.3.6-3.fc43           updates     48.8 MiB
#6 7.153  mesa-vulkan-drivers     x86_64 25.3.6-3.fc43           updates    152.8 MiB
#6 7.153  pipewire-libs           x86_64 1.4.11-1.fc43           updates      8.6 MiB
#6 7.153  pulseaudio-libs         x86_64 17.0-9.fc43             updates      3.4 MiB
#6 7.153  vulkan-loader           x86_64 1.4.341.0-1.fc43        updates    569.6 KiB
#6 7.153  vulkan-tools            x86_64 1.4.341.0-1.fc43        updates      1.6 MiB
#6 7.153 Installing dependencies:
#6 7.153  avahi-libs              x86_64 0.9~rc2-6.fc43          fedora     171.6 KiB
#6 7.153  bluez-libs              x86_64 5.87-2.fc43             updates    198.2 KiB
#6 7.153  dbus-libs               x86_64 1:1.16.2-1.fc43         updates    345.4 KiB
#6 7.153  expat                   x86_64 2.8.1-1.fc43            updates    315.4 KiB
#6 7.153  fdk-aac-free            x86_64 2.0.0-16.fc43           fedora     611.8 KiB
#6 7.153  fftw-libs-single        x86_64 3.3.10-16.fc43          fedora       3.6 MiB
#6 7.153  flac-libs               x86_64 1.5.0-5.fc43            updates    611.5 KiB
#6 7.153  gsm                     x86_64 1.0.23-1.fc43           fedora      65.3 KiB
#6 7.153  hwdata                  noarch 0.409-1.fc43            updates     10.0 MiB
#6 7.153  lame-libs               x86_64 3.100-20.fc43           fedora       1.2 MiB
#6 7.153  libX11                  x86_64 1.8.13-1.fc43           updates      1.3 MiB
#6 7.153  libX11-common           noarch 1.8.13-1.fc43           updates      1.1 MiB
#6 7.153  libX11-xcb              x86_64 1.8.13-1.fc43           updates     10.9 KiB
#6 7.153  libXau                  x86_64 1.0.12-3.fc43           fedora      72.9 KiB
#6 7.153  libXext                 x86_64 1.3.6-4.fc43            fedora      90.0 KiB
#6 7.153  libXxf86vm              x86_64 1.1.6-3.fc43            fedora      25.3 KiB
#6 7.153  libasyncns              x86_64 0.8-31.fc43             fedora      55.5 KiB
#6 7.153  libdisplay-info         x86_64 0.2.0-4.fc43            fedora     215.9 KiB
#6 7.153  libdrm                  x86_64 2.4.134-1.fc43          updates    405.8 KiB
#6 7.153  libebur128              x86_64 1.2.6-14.fc43           fedora      39.3 KiB
#6 7.153  libedit                 x86_64 3.1-58.20260512cvs.fc43 updates    240.3 KiB
#6 7.153  libglvnd                x86_64 1:1.7.0-8.fc43          fedora     526.1 KiB
#6 7.153  libglvnd-egl            x86_64 1:1.7.0-8.fc43          fedora      64.7 KiB
#6 7.153  liblc3                  x86_64 1.1.3-5.fc43            fedora     170.8 KiB
#6 7.153  libldac                 x86_64 2.0.2.3-18.fc43         fedora      74.2 KiB
#6 7.153  libogg                  x86_64 2:1.3.6-2.fc43          updates     45.6 KiB
#6 7.153  libpciaccess            x86_64 0.16-16.fc43            fedora      44.5 KiB
#6 7.153  libsbc                  x86_64 2.0-7.fc43              fedora      93.4 KiB
#6 7.153  libsndfile              x86_64 1.2.2-10.fc43           fedora     550.1 KiB
#6 7.153  libvorbis               x86_64 1:1.3.7-13.fc43         fedora     833.4 KiB
#6 7.153  libwayland-server       x86_64 1.25.0-1.fc43           updates     86.5 KiB
#6 7.153  libxcb                  x86_64 1.17.0-6.fc43           fedora       1.1 MiB
#6 7.153  libxshmfence            x86_64 1.3.2-7.fc43            fedora      12.4 KiB
#6 7.153  llvm-filesystem         x86_64 21.1.8-4.fc43           updates      0.0   B
#6 7.153  llvm-libs               x86_64 21.1.8-4.fc43           updates    138.6 MiB
#6 7.153  lm_sensors-libs         x86_64 3.6.0-23.fc43           fedora      85.8 KiB
#6 7.153  mesa-filesystem         x86_64 25.3.6-3.fc43           updates      3.6 KiB
#6 7.153  mesa-libEGL             x86_64 25.3.6-3.fc43           updates    310.4 KiB
#6 7.153  mesa-libGL              x86_64 25.3.6-3.fc43           updates    286.0 KiB
#6 7.153  mesa-libgbm             x86_64 25.3.6-3.fc43           updates     19.7 KiB
#6 7.153  mpg123-libs             x86_64 1.32.10-2.fc43          fedora     814.0 KiB
#6 7.153  opus                    x86_64 1.5.2-3.fc43            fedora     427.6 KiB
#6 7.153  spirv-tools-libs        x86_64 2026.1-2.fc43           updates      5.9 MiB
#6 7.153  webrtc-audio-processing x86_64 1.3-9.fc43              fedora       1.4 MiB
#6 7.153  xkeyboard-config        noarch 2.46-1.fc43             updates     10.2 MiB
#6 7.153 
#6 7.153 Transaction Summary:
#6 7.153  Installing:        60 packages
#6 7.153 
#6 7.153 Total size of inbound packages is 88 MiB. Need to download 88 MiB.
#6 7.153 After this operation, 401 MiB extra will be used (install 401 MiB, remove 0 B).
#6 7.233 [ 1/60] alsa-plugins-pulseaudio-0:1.2.1 100% | 565.6 KiB/s |  43.6 KiB |  00m00s
#6 7.236 [ 2/60] egl-wayland-0:1.1.21-1.fc43.x86 100% | 579.5 KiB/s |  46.4 KiB |  00m00s
#6 7.256 [ 3/60] libglvnd-egl-1:1.7.0-8.fc43.x86 100% |   1.6 MiB/s |  36.0 KiB |  00m00s
#6 7.275 [ 4/60] libglvnd-gles-1:1.7.0-8.fc43.x8 100% |   1.5 MiB/s |  28.5 KiB |  00m00s
#6 7.301 [ 5/60] alsa-lib-0:1.2.16.1-1.fc43.x86_ 100% |   3.7 MiB/s | 544.6 KiB |  00m00s
#6 7.314 [ 6/60] libglvnd-glx-1:1.7.0-8.fc43.x86 100% |   3.4 MiB/s | 132.1 KiB |  00m00s
#6 7.318 [ 7/60] libglvnd-1:1.7.0-8.fc43.x86_64  100% |   1.4 MiB/s | 114.0 KiB |  00m00s
#6 7.332 [ 8/60] libwayland-client-0:1.25.0-1.fc 100% |   2.0 MiB/s |  34.9 KiB |  00m00s
#6 7.336 [ 9/60] libwayland-cursor-0:1.25.0-1.fc 100% |   1.1 MiB/s |  19.0 KiB |  00m00s
#6 7.349 [10/60] libwayland-egl-0:1.25.0-1.fc43. 100% | 732.0 KiB/s |  12.4 KiB |  00m00s
#6 7.360 [11/60] libXext-0:1.3.6-4.fc43.x86_64   100% | 662.0 KiB/s |  39.1 KiB |  00m00s
#6 7.369 [12/60] libxkbcommon-0:1.11.0-1.fc43.x8 100% |   5.2 MiB/s | 174.3 KiB |  00m00s
#6 7.386 [13/60] libxshmfence-0:1.3.2-7.fc43.x86 100% | 830.1 KiB/s |  13.3 KiB |  00m00s
#6 7.404 [14/60] libxcb-0:1.17.0-6.fc43.x86_64   100% |   5.4 MiB/s | 237.7 KiB |  00m00s
#6 7.408 [15/60] lm_sensors-libs-0:3.6.0-23.fc43 100% |   1.9 MiB/s |  40.6 KiB |  00m00s
#6 7.427 [16/60] libXau-0:1.0.12-3.fc43.x86_64   100% |   1.8 MiB/s |  33.4 KiB |  00m00s
#6 7.497 [17/60] mesa-filesystem-0:25.3.6-3.fc43 100% | 114.6 KiB/s |  10.5 KiB |  00m00s
#6 7.542 [18/60] mesa-dri-drivers-0:25.3.6-3.fc4 100% |  66.7 MiB/s |  12.8 MiB |  00m00s
#6 7.546 [19/60] mesa-libgbm-0:25.3.6-3.fc43.x86 100% | 138.6 KiB/s |  16.5 KiB |  00m00s
#6 7.561 [20/60] mesa-libGL-0:25.3.6-3.fc43.x86_ 100% |   1.8 MiB/s | 119.0 KiB |  00m00s
#6 7.565 [21/60] libXxf86vm-0:1.1.6-3.fc43.x86_6 100% | 934.0 KiB/s |  17.7 KiB |  00m00s
#6 7.581 [22/60] mesa-libEGL-0:25.3.6-3.fc43.x86 100% |   3.2 MiB/s | 120.7 KiB |  00m00s
#6 7.586 [23/60] libdisplay-info-0:0.2.0-4.fc43. 100% |   4.2 MiB/s |  85.4 KiB |  00m00s
#6 7.618 [24/60] avahi-libs-0:0.9~rc2-6.fc43.x86 100% |   2.1 MiB/s |  69.0 KiB |  00m00s
#6 7.699 [25/60] fdk-aac-free-0:2.0.0-16.fc43.x8 100% |   4.2 MiB/s | 341.1 KiB |  00m00s
#6 7.767 [26/60] fftw-libs-single-0:3.3.10-16.fc 100% |  18.0 MiB/s |   1.2 MiB |  00m00s
#6 7.790 [27/60] libebur128-0:1.2.6-14.fc43.x86_ 100% |   1.1 MiB/s |  24.9 KiB |  00m00s
#6 7.823 [28/60] liblc3-0:1.1.3-5.fc43.x86_64    100% |   3.2 MiB/s | 105.1 KiB |  00m00s
#6 7.847 [29/60] libldac-0:2.0.2.3-18.fc43.x86_6 100% |   1.7 MiB/s |  42.5 KiB |  00m00s
#6 7.866 [30/60] pipewire-libs-0:1.4.11-1.fc43.x 100% |   8.6 MiB/s |   2.4 MiB |  00m00s
#6 7.869 [31/60] libsbc-0:2.0-7.fc43.x86_64      100% |   2.2 MiB/s |  49.0 KiB |  00m00s
#6 7.886 [32/60] libsndfile-0:1.2.2-10.fc43.x86_ 100% |  11.3 MiB/s | 220.8 KiB |  00m00s
#6 7.895 [33/60] opus-0:1.5.2-3.fc43.x86_64      100% |   9.3 MiB/s | 237.1 KiB |  00m00s
#6 7.929 [34/60] mesa-vulkan-drivers-0:25.3.6-3. 100% |  67.7 MiB/s |  24.8 MiB |  00m00s
#6 7.933 [35/60] gsm-0:1.0.23-1.fc43.x86_64      100% | 973.8 KiB/s |  36.0 KiB |  00m00s
#6 7.939 [36/60] webrtc-audio-processing-0:1.3-9 100% |  10.0 MiB/s | 533.9 KiB |  00m00s
#6 7.960 [37/60] mpg123-libs-0:1.32.10-2.fc43.x8 100% |  16.5 MiB/s | 355.6 KiB |  00m00s
#6 8.009 [38/60] lame-libs-0:3.100-20.fc43.x86_6 100% |   4.2 MiB/s | 338.9 KiB |  00m00s
#6 8.104 [39/60] libvorbis-1:1.3.7-13.fc43.x86_6 100% |   1.1 MiB/s | 188.4 KiB |  00m00s
#6 8.108 [40/60] libasyncns-0:0.8-31.fc43.x86_64 100% | 306.5 KiB/s |  30.0 KiB |  00m00s
#6 8.114 [41/60] pulseaudio-libs-0:17.0-9.fc43.x 100% |   4.4 MiB/s | 694.2 KiB |  00m00s
#6 8.137 [42/60] vulkan-loader-0:1.4.341.0-1.fc4 100% |   4.9 MiB/s | 161.6 KiB |  00m00s
#6 8.144 [43/60] vulkan-tools-0:1.4.341.0-1.fc43 100% |  11.8 MiB/s | 423.7 KiB |  00m00s
#6 8.163 [44/60] libX11-0:1.8.13-1.fc43.x86_64   100% |  13.3 MiB/s | 655.2 KiB |  00m00s
#6 8.181 [45/60] libX11-common-0:1.8.13-1.fc43.n 100% |   4.0 MiB/s | 175.6 KiB |  00m00s
#6 8.185 [46/60] dbus-libs-1:1.16.2-1.fc43.x86_6 100% |   3.6 MiB/s | 147.9 KiB |  00m00s
#6 8.199 [47/60] bluez-libs-0:5.87-2.fc43.x86_64 100% |   2.3 MiB/s |  82.6 KiB |  00m00s
#6 8.203 [48/60] libX11-xcb-0:1.8.13-1.fc43.x86_ 100% | 613.8 KiB/s |  11.0 KiB |  00m00s
#6 8.217 [49/60] expat-0:2.8.1-1.fc43.x86_64     100% |   3.4 MiB/s | 124.5 KiB |  00m00s
#6 8.222 [50/60] libpciaccess-0:0.16-16.fc43.x86 100% |   1.4 MiB/s |  26.2 KiB |  00m00s
#6 8.239 [51/60] libdrm-0:2.4.134-1.fc43.x86_64  100% |   4.0 MiB/s | 163.3 KiB |  00m00s
#6 8.244 [52/60] llvm-filesystem-0:21.1.8-4.fc43 100% | 679.4 KiB/s |  14.9 KiB |  00m00s
#6 8.509 [53/60] spirv-tools-libs-0:2026.1-2.fc4 100% |   6.3 MiB/s |   1.7 MiB |  00m00s
#6 8.610 [54/60] libedit-0:3.1-58.20260512cvs.fc 100% | 287.4 KiB/s | 105.2 KiB |  00m00s
#6 8.634 [55/60] libwayland-server-0:1.25.0-1.fc 100% | 337.9 KiB/s |  42.2 KiB |  00m00s
#6 8.704 [56/60] llvm-libs-0:21.1.8-4.fc43.x86_6 100% |  71.8 MiB/s |  34.9 MiB |  00m00s
#6 8.709 [57/60] libogg-2:1.3.6-2.fc43.x86_64    100% | 452.5 KiB/s |  33.5 KiB |  00m00s
#6 8.715 [58/60] xkeyboard-config-0:2.46-1.fc43. 100% |   9.3 MiB/s | 993.6 KiB |  00m00s
#6 8.737 [59/60] flac-libs-0:1.5.0-5.fc43.x86_64 100% |   6.4 MiB/s | 217.1 KiB |  00m00s
#6 8.757 [60/60] hwdata-0:0.409-1.fc43.noarch    100% |  36.3 MiB/s |   1.7 MiB |  00m00s
#6 8.757 --------------------------------------------------------------------------------
#6 8.757 [60/60] Total                           100% |  54.8 MiB/s |  87.9 MiB |  00m02s
#6 8.758 Running transaction
#6 9.259 [ 1/62] Verify package files            100% | 348.0   B/s |  60.0   B |  00m00s
#6 9.261 [ 2/62] Prepare transaction             100% |   4.9 KiB/s |  60.0   B |  00m00s
#6 9.275 [ 3/62] Installing expat-0:2.8.1-1.fc43 100% |  22.1 MiB/s | 317.5 KiB |  00m00s
#6 9.280 [ 4/62] Installing libwayland-client-0: 100% |  16.4 MiB/s |  67.1 KiB |  00m00s
#6 9.285 [ 5/62] Installing libX11-xcb-0:1.8.13- 100% |   2.9 MiB/s |  11.8 KiB |  00m00s
#6 9.290 [ 6/62] Installing libogg-2:1.3.6-2.fc4 100% |  11.5 MiB/s |  47.1 KiB |  00m00s
#6 9.295 [ 7/62] Installing dbus-libs-1:1.16.2-1 100% |  67.7 MiB/s | 346.5 KiB |  00m00s
#6 9.309 [ 8/62] Installing libglvnd-1:1.7.0-8.f 100% |  85.9 MiB/s | 527.5 KiB |  00m00s
#6 9.315 [ 9/62] Installing spirv-tools-libs-0:2 100% | 457.8 MiB/s |   6.0 MiB |  00m00s
#6 9.320 [10/62] Installing opus-0:1.5.2-3.fc43. 100% |  83.7 MiB/s | 428.7 KiB |  00m00s
#6 9.324 [11/62] Installing mesa-filesystem-0:25 100% |   1.0 MiB/s |   4.3 KiB |  00m00s
#6 9.332 [12/62] Installing libxshmfence-0:1.3.2 100% |   3.3 MiB/s |  13.6 KiB |  00m00s
#6 9.344 [13/62] Installing alsa-lib-0:1.2.16.1- 100% |  98.3 MiB/s |   1.5 MiB |  00m00s
#6 9.351 [14/62] Installing avahi-libs-0:0.9~rc2 100% |  34.0 MiB/s | 174.0 KiB |  00m00s
#6 9.357 [15/62] Installing libvorbis-1:1.3.7-13 100% | 136.1 MiB/s | 835.9 KiB |  00m00s
#6 9.374 [16/62] Installing flac-libs-0:1.5.0-5. 100% | 100.0 MiB/s | 614.2 KiB |  00m00s
#6 9.379 [17/62] Installing hwdata-0:0.409-1.fc4 100% | 625.6 MiB/s |  10.0 MiB |  00m00s
#6 9.386 [18/62] Installing libpciaccess-0:0.16- 100% |   9.0 MiB/s |  45.9 KiB |  00m00s
#6 9.396 [19/62] Installing libdrm-0:2.4.134-1.f 100% |  66.7 MiB/s | 409.6 KiB |  00m00s
#6 9.446 [20/62] Installing xkeyboard-config-0:2 100% | 190.9 MiB/s |  10.3 MiB |  00m00s
#6 9.451 [21/62] Installing libwayland-server-0: 100% |  21.4 MiB/s |  87.6 KiB |  00m00s
#6 9.456 [22/62] Installing libedit-0:3.1-58.202 100% |  47.3 MiB/s | 242.0 KiB |  00m00s
#6 9.497 [23/62] Installing llvm-filesystem-0:21 100% | 265.6 KiB/s |   1.1 KiB |  00m00s
#6 9.687 [24/62] Installing llvm-libs-0:21.1.8-4 100% | 613.4 MiB/s | 138.6 MiB |  00m00s
#6 9.699 [25/62] Installing bluez-libs-0:5.87-2. 100% |  38.9 MiB/s | 199.3 KiB |  00m00s
#6 9.704 [26/62] Installing libX11-common-0:1.8. 100% | 107.9 MiB/s |   1.2 MiB |  00m00s
#6 9.710 [27/62] Installing vulkan-loader-0:1.4. 100% | 111.8 MiB/s | 572.3 KiB |  00m00s
#6 9.718 [28/62] Installing libasyncns-0:0.8-31. 100% |   9.2 MiB/s |  56.8 KiB |  00m00s
#6 9.724 [29/62] Installing mpg123-libs-0:1.32.1 100% | 113.9 MiB/s | 816.6 KiB |  00m00s
#6 9.728 [30/62] Installing lame-libs-0:3.100-20 100% | 299.7 MiB/s |   1.2 MiB |  00m00s
#6 9.732 [31/62] Installing gsm-0:1.0.23-1.fc43. 100% |  21.8 MiB/s |  66.9 KiB |  00m00s
#6 9.738 [32/62] Installing libsndfile-0:1.2.2-1 100% | 134.7 MiB/s | 551.6 KiB |  00m00s
#6 9.745 [33/62] Installing webrtc-audio-process 100% | 170.8 MiB/s |   1.4 MiB |  00m00s
#6 9.750 [34/62] Installing libsbc-0:2.0-7.fc43. 100% |  18.5 MiB/s |  94.5 KiB |  00m00s
#6 9.755 [35/62] Installing libldac-0:2.0.2.3-18 100% |  18.6 MiB/s |  76.2 KiB |  00m00s
#6 9.760 [36/62] Installing liblc3-0:1.1.3-5.fc4 100% |  33.6 MiB/s | 171.8 KiB |  00m00s
#6 9.769 [37/62] Installing libebur128-0:1.2.6-1 100% |   8.0 MiB/s |  40.7 KiB |  00m00s
#6 9.775 [38/62] Installing fftw-libs-single-0:3 100% | 400.0 MiB/s |   3.6 MiB |  00m00s
#6 9.782 [39/62] Installing fdk-aac-free-0:2.0.0 100% |  99.8 MiB/s | 613.3 KiB |  00m00s
#6 9.787 [40/62] Installing libdisplay-info-0:0. 100% |  35.4 MiB/s | 217.3 KiB |  00m00s
#6 9.796 [41/62] Installing libXau-0:1.0.12-3.fc 100% |  14.5 MiB/s |  74.5 KiB |  00m00s
#6 9.803 [42/62] Installing libxcb-0:1.17.0-6.fc 100% | 135.0 MiB/s |   1.1 MiB |  00m00s
#6 9.807 [43/62] Installing libX11-0:1.8.13-1.fc 100% | 213.6 MiB/s |   1.3 MiB |  00m00s
#6 9.815 [44/62] Installing libXext-0:1.3.6-4.fc 100% |  22.3 MiB/s |  91.2 KiB |  00m00s
#6 9.820 [45/62] Installing pulseaudio-libs-0:17 100% | 422.4 MiB/s |   3.4 MiB |  00m00s
#6 9.826 [46/62] Installing libXxf86vm-0:1.1.6-3 100% |   5.2 MiB/s |  26.5 KiB |  00m00s
#6 9.894 [47/62] Installing lm_sensors-libs-0:3. 100% |  17.0 MiB/s |  86.9 KiB |  00m00s
#6 9.898 [48/62] Installing mesa-dri-drivers-0:2 100% | 739.6 MiB/s |  48.8 MiB |  00m00s
#6 9.902 [49/62] Installing mesa-libgbm-0:25.3.6 100% |   5.0 MiB/s |  20.5 KiB |  00m00s
#6 9.907 [50/62] Installing libglvnd-egl-1:1.7.0 100% |  16.2 MiB/s |  66.3 KiB |  00m00s
#6 9.911 [51/62] Installing mesa-libEGL-0:25.3.6 100% |  76.0 MiB/s | 311.3 KiB |  00m00s
#6 9.916 [52/62] Installing libglvnd-glx-1:1.7.0 100% | 147.1 MiB/s | 602.6 KiB |  00m00s
#6 9.920 [53/62] Installing mesa-libGL-0:25.3.6- 100% |  70.1 MiB/s | 286.9 KiB |  00m00s
#6 9.925 [54/62] Installing libglvnd-gles-1:1.7. 100% |  24.3 MiB/s |  99.3 KiB |  00m00s
#6 9.929 [55/62] Installing egl-wayland-0:1.1.21 100% |  20.8 MiB/s |  85.0 KiB |  00m00s
#6 9.951 [56/62] Installing alsa-plugins-pulseau 100% |  30.3 MiB/s | 123.9 KiB |  00m00s
#6 9.975 [57/62] Installing pipewire-libs-0:1.4. 100% | 228.6 MiB/s |   8.7 MiB |  00m00s
#6 10.01 [58/62] Installing vulkan-tools-0:1.4.3 100% | 117.4 MiB/s |   1.6 MiB |  00m00s
#6 10.18 [59/62] Installing mesa-vulkan-drivers- 100% | 808.3 MiB/s | 152.8 MiB |  00m00s
#6 10.18 [60/62] Installing libxkbcommon-0:1.11. 100% |  66.7 MiB/s | 409.9 KiB |  00m00s
#6 10.19 [61/62] Installing libwayland-cursor-0: 100% |   7.5 MiB/s |  38.3 KiB |  00m00s
#6 10.42 [62/62] Installing libwayland-egl-0:1.2 100% |  58.9 KiB/s |  13.4 KiB |  00m00s
#6 10.42 Complete!
#6 10.45 Removed 18 files, 11 directories (total of 103 MiB). 0 errors occurred.
#6 DONE 10.5s

#7 [3/7] COPY overlay/etc/asound.conf /etc/asound.conf
#7 DONE 0.1s

#8 [4/7] RUN chmod 0644 /etc/asound.conf
#8 DONE 0.2s

#9 [5/7] COPY overlay/usr/local/bin/quasar-gpu-init /usr/local/bin/quasar-gpu-init
#9 DONE 0.1s

#10 [6/7] COPY overlay/usr/local/bin/quasar-gpu-probe /usr/local/bin/quasar-gpu-probe
#10 DONE 0.1s

#11 [7/7] RUN chmod 0755 /usr/local/bin/quasar-gpu-init /usr/local/bin/quasar-gpu-probe
#11 DONE 0.2s

#12 exporting to image
#12 exporting layers
#12 exporting layers 1.0s done
#12 writing image sha256:47a0dd71822a4f4f67b7ea7dcd0e97857a7ac10478e46352e89f74d4bc4ceedc done
#12 naming to docker.io/library/quasar-app:dev done
#12 DONE 1.0s
#0 building with "default" instance using docker driver

#1 [internal] load build definition from Dockerfile
#1 transferring dockerfile: 2.27kB done
#1 DONE 0.0s

#2 [internal] load metadata for docker.io/library/quasar-app:dev
#2 DONE 0.0s

#3 [internal] load .dockerignore
#3 transferring context: 2B done
#3 DONE 0.0s

#4 [internal] load build context
#4 transferring context: 6.68kB done
#4 DONE 0.2s

#5 [bwrap-builder 1/5] FROM docker.io/library/quasar-app:dev
#5 DONE 0.8s

#6 [stage-1 2/6] RUN dnf --setopt=install_weak_deps=False -y install       "https://mirrors.rpmfusion.org/free/fedora/rpmfusion-free-release-$(rpm -E %fedora).noarch.rpm"       "https://mirrors.rpmfusion.org/nonfree/fedora/rpmfusion-nonfree-release-$(rpm -E %fedora).noarch.rpm"     && dnf --setopt=install_weak_deps=False -y install       dbus-daemon file gamescope lsb-release pciutils steam       libglvnd-egl.i686 libglvnd-gles.i686 libglvnd-glx.i686       mesa-dri-drivers.i686 mesa-libEGL.i686 mesa-libGL.i686 mesa-libgbm.i686       mesa-vulkan-drivers.i686 vulkan-loader.i686     && dnf clean all     && rm -rf /var/cache/dnf
#6 0.298 Updating and loading repositories:
#6 2.633  Fedora 43 openh264 (From Cisco) - x86_ 100% |   2.8 KiB/s |   5.8 KiB |  00m02s
#6 3.369  Fedora 43 - x86_64                     100% |  11.5 MiB/s |  35.4 MiB |  00m03s
#6 3.387  Fedora 43 - x86_64 - Updates           100% |  12.6 MiB/s |  31.6 MiB |  00m03s
#6 5.542 Repositories loaded.
#6 ...

#7 [bwrap-builder 2/5] RUN dnf --setopt=install_weak_deps=False -y install       ca-certificates dpkg-dev gcc git meson ninja-build patch     && dnf clean all     && rm -rf /var/cache/dnf
#7 0.301 Updating and loading repositories:
#7 2.604  Fedora 43 openh264 (From Cisco) - x86_ 100% |   2.5 KiB/s |   5.8 KiB |  00m02s
#7 3.093  Fedora 43 - x86_64                     100% |  14.1 MiB/s |  35.4 MiB |  00m03s
#7 3.108  Fedora 43 - x86_64 - Updates           100% |  14.2 MiB/s |  31.8 MiB |  00m02s
#7 5.297 Repositories loaded.
#7 6.243 Package "ca-certificates-2025.2.80_v9.0.304-1.2.fc43.noarch" is already installed.
#7 6.243 
#7 6.243 Package                     Arch   Version              Repository      Size
#7 6.243 Installing:
#7 6.243  dpkg-dev                   noarch 1.23.7-1.fc43        updates      2.2 MiB
#7 6.243  gcc                        x86_64 15.2.1-7.fc43        updates    112.0 MiB
#7 6.243  git                        x86_64 2.55.0-1.fc43        updates     57.7 KiB
#7 6.243  meson                      noarch 1.8.5-3.fc43         updates     13.3 MiB
#7 6.243  ninja-build                x86_64 1.13.1-4.fc43        fedora     480.7 KiB
#7 6.243  patch                      x86_64 2.8-2.fc43           fedora     222.8 KiB
#7 6.243 Installing dependencies:
#7 6.243  binutils                   x86_64 2.45.1-4.fc43        updates     27.3 MiB
#7 6.243  cpp                        x86_64 15.2.1-7.fc43        updates     38.0 MiB
#7 6.243  dpkg                       x86_64 1.23.7-1.fc43        updates      6.3 MiB
#7 6.243  dpkg-perl                  noarch 1.23.7-1.fc43        updates    888.3 KiB
#7 6.243  ed                         x86_64 1.22.2-1.fc43        fedora     148.1 KiB
#7 6.243  elfutils-debuginfod-client x86_64 0.195-1.fc43         updates     84.1 KiB
#7 6.243  git-core                   x86_64 2.55.0-1.fc43        updates     25.1 MiB
#7 6.243  git-core-doc               noarch 2.55.0-1.fc43        updates     18.9 MiB
#7 6.243  glibc-devel                x86_64 2.42-13.fc43         updates      2.3 MiB
#7 6.243  groff-base                 x86_64 1.23.0-11.fc43       updates      3.8 MiB
#7 6.243  jansson                    x86_64 2.14-3.fc43          fedora      89.1 KiB
#7 6.243  kernel-headers             x86_64 7.1.3-100.fc43       updates      6.9 MiB
#7 6.243  less                       x86_64 702-1.fc43           updates    469.5 KiB
#7 6.243  libcbor                    x86_64 0.12.0-6.fc43        fedora      77.8 KiB
#7 6.243  libfido2                   x86_64 1.16.0-3.fc43        fedora     238.5 KiB
#7 6.243  libmd                      x86_64 1.2.0-1.fc43         updates    124.5 KiB
#7 6.243  libmpc                     x86_64 1.3.1-8.fc43         fedora     160.6 KiB
#7 6.243  libpkgconf                 x86_64 2.3.0-3.fc43         fedora      78.1 KiB
#7 6.243  libxcrypt-devel            x86_64 4.5.2-1.fc43         updates     31.1 KiB
#7 6.243  make                       x86_64 1:4.4.1-11.fc43      fedora       1.8 MiB
#7 6.243  mpdecimal                  x86_64 4.0.1-2.fc43         fedora     217.2 KiB
#7 6.243  ncurses                    x86_64 6.5-7.20250614.fc43  fedora     609.8 KiB
#7 6.243  openssh                    x86_64 10.0p1-10.fc43       updates      1.4 MiB
#7 6.243  openssh-clients            x86_64 10.0p1-10.fc43       updates      2.6 MiB
#7 6.243  perl-AutoLoader            noarch 5.74-523.fc43        updates     20.6 KiB
#7 6.243  perl-B                     x86_64 1.89-523.fc43        updates    501.3 KiB
#7 6.243  perl-Carp                  noarch 1.54-520.fc43        fedora      46.6 KiB
#7 6.243  perl-Class-Struct          noarch 0.68-523.fc43        updates     25.4 KiB
#7 6.243  perl-Data-Dumper           x86_64 2.192-522.fc43       updates    115.5 KiB
#7 6.243  perl-Digest                noarch 1.20-520.fc43        fedora      35.3 KiB
#7 6.243  perl-Digest-MD5            x86_64 2.59-520.fc43        fedora      59.7 KiB
#7 6.243  perl-Digest-SHA            x86_64 1:6.04-521.fc43      fedora     112.5 KiB
#7 6.243  perl-Digest-SHA1           x86_64 2.13-48.fc43         fedora     108.0 KiB
#7 6.243  perl-DynaLoader            x86_64 1.57-523.fc43        updates     32.1 KiB
#7 6.243  perl-Encode                x86_64 4:3.21-520.fc43      fedora       4.7 MiB
#7 6.243  perl-Errno                 x86_64 1.38-523.fc43        updates      8.4 KiB
#7 6.243  perl-Error                 noarch 1:0.17030-2.fc43     fedora      76.7 KiB
#7 6.243  perl-Exporter              noarch 5.79-520.fc43        fedora      54.3 KiB
#7 6.243  perl-Fcntl                 x86_64 1.20-523.fc43        updates     48.8 KiB
#7 6.243  perl-File-Basename         noarch 2.86-523.fc43        updates     14.0 KiB
#7 6.243  perl-File-Compare          noarch 1.100.800-523.fc43   updates      5.6 KiB
#7 6.243  perl-File-Copy             noarch 2.41-523.fc43        updates     19.7 KiB
#7 6.243  perl-File-Find             noarch 1.44-523.fc43        updates     42.0 KiB
#7 6.243  perl-File-Path             noarch 2.18-520.fc43        fedora      63.5 KiB
#7 6.243  perl-File-Temp             noarch 1:0.231.100-520.fc43 fedora     162.3 KiB
#7 6.243  perl-File-stat             noarch 1.14-523.fc43        updates     12.5 KiB
#7 6.244  perl-FileHandle            noarch 2.05-523.fc43        updates      9.4 KiB
#7 6.244  perl-Getopt-Long           noarch 1:2.58-520.fc43      fedora     144.5 KiB
#7 6.244  perl-Getopt-Std            noarch 1.14-523.fc43        updates     11.2 KiB
#7 6.244  perl-Git                   noarch 2.55.0-1.fc43        updates     64.4 KiB
#7 6.244  perl-HTTP-Tiny             noarch 0.094-1.fc43         updates    158.2 KiB
#7 6.244  perl-IO                    x86_64 1.55-523.fc43        updates    147.4 KiB
#7 6.244  perl-IO-Socket-IP          noarch 0.43-521.fc43        fedora     100.3 KiB
#7 6.244  perl-IO-Socket-SSL         noarch 2.095-2.fc43         fedora     714.5 KiB
#7 6.244  perl-IPC-Open3             noarch 1.24-523.fc43        updates     27.7 KiB
#7 6.244  perl-MIME-Base32           noarch 1.303-24.fc43        fedora      30.7 KiB
#7 6.244  perl-MIME-Base64           x86_64 3.16-520.fc43        fedora      42.0 KiB
#7 6.244  perl-Net-SSLeay            x86_64 1.94-11.fc43         fedora       1.3 MiB
#7 6.244  perl-POSIX                 x86_64 2.23-523.fc43        updates    229.5 KiB
#7 6.244  perl-PathTools             x86_64 3.94-520.fc43        fedora     180.0 KiB
#7 6.244  perl-Pod-Escapes           noarch 1:1.07-520.fc43      fedora      24.9 KiB
#7 6.244  perl-Pod-Perldoc           noarch 3.28.01-521.fc43     fedora     163.7 KiB
#7 6.244  perl-Pod-Simple            noarch 1:3.47-3.fc43        fedora     565.3 KiB
#7 6.244  perl-Pod-Usage             noarch 4:2.05-520.fc43      fedora      86.3 KiB
#7 6.244  perl-Scalar-List-Utils     x86_64 5:1.70-1.fc43        fedora     144.9 KiB
#7 6.244  perl-SelectSaver           noarch 1.02-523.fc43        updates      2.2 KiB
#7 6.244  perl-Socket                x86_64 4:2.041-1.fc43       updates    120.7 KiB
#7 6.244  perl-Storable              x86_64 1:3.37-521.fc43      fedora     231.2 KiB
#7 6.244  perl-Symbol                noarch 1.09-523.fc43        updates      6.8 KiB
#7 6.244  perl-Term-ANSIColor        noarch 5.01-521.fc43        fedora      97.5 KiB
#7 6.244  perl-Term-Cap              noarch 1.18-520.fc43        fedora      29.3 KiB
#7 6.244  perl-TermReadKey           x86_64 2.38-26.fc43         fedora      64.0 KiB
#7 6.244  perl-Text-ParseWords       noarch 3.31-520.fc43        fedora      13.6 KiB
#7 6.244  perl-Text-Tabs+Wrap        noarch 2024.001-520.fc43    fedora      22.6 KiB
#7 6.244  perl-Tie                   noarch 4.6-523.fc43         updates     32.1 KiB
#7 6.244  perl-Time-HiRes            x86_64 4:1.9778-520.fc43    fedora     115.8 KiB
#7 6.244  perl-Time-Local            noarch 2:1.350-520.fc43     fedora      69.0 KiB
#7 6.244  perl-Time-Piece            x86_64 1.3600-523.fc43      updates     71.2 KiB
#7 6.244  perl-TimeDate              noarch 1:2.33-17.fc43       fedora      95.2 KiB
#7 6.244  perl-URI                   noarch 5.34-2.fc43          updates    268.0 KiB
#7 6.244  perl-base                  noarch 2.27-523.fc43        updates     12.6 KiB
#7 6.244  perl-constant              noarch 1.33-521.fc43        fedora      26.2 KiB
#7 6.244  perl-if                    noarch 0.61.000-523.fc43    updates      5.8 KiB
#7 6.244  perl-interpreter           x86_64 4:5.42.2-523.fc43    updates    118.8 KiB
#7 6.244  perl-lib                   x86_64 0.65-523.fc43        updates      8.5 KiB
#7 6.244  perl-libnet                noarch 3.15-521.fc43        fedora     289.4 KiB
#7 6.244  perl-libs                  x86_64 4:5.42.2-523.fc43    updates     11.5 MiB
#7 6.244  perl-locale                noarch 1.13-523.fc43        updates      6.1 KiB
#7 6.244  perl-mro                   x86_64 1.29-523.fc43        updates     41.6 KiB
#7 6.244  perl-overload              noarch 1.40-523.fc43        updates     71.6 KiB
#7 6.244  perl-overloading           noarch 0.02-523.fc43        updates      4.9 KiB
#7 6.244  perl-parent                noarch 1:0.244-520.fc43     fedora      10.3 KiB
#7 6.244  perl-podlators             noarch 1:6.0.2-520.fc43     fedora     317.5 KiB
#7 6.244  perl-vars                  noarch 1.05-523.fc43        updates      3.9 KiB
#7 6.244  pkgconf                    x86_64 2.3.0-3.fc43         fedora      88.5 KiB
#7 6.244  pkgconf-m4                 noarch 2.3.0-3.fc43         fedora      14.4 KiB
#7 6.244  pkgconf-pkg-config         x86_64 2.3.0-3.fc43         fedora     989.0   B
#7 6.244  python-pip-wheel           noarch 25.1.1-18.fc43       fedora       1.2 MiB
#7 6.244  python3                    x86_64 3.14.6-1.fc43        updates     28.7 KiB
#7 6.244  python3-libs               x86_64 3.14.6-1.fc43        updates     43.3 MiB
#7 6.244  python3-setuptools         noarch 78.1.1-15.fc43       fedora       9.0 MiB
#7 6.244  vim-filesystem             noarch 2:9.2.780-1.fc43     updates     40.0   B
#7 6.244  xz-lzma-compat             x86_64 1:5.8.1-4.fc43       updates     48.4 KiB
#7 6.244  zlib-ng                    x86_64 2.3.3-2.fc43         updates    182.1 KiB
#7 6.244 
#7 6.244 Transaction Summary:
#7 6.244  Installing:       110 packages
#7 6.244 
#7 6.244 Total size of inbound packages is 100 MiB. Need to download 100 MiB.
#7 6.244 After this operation, 344 MiB extra will be used (install 344 MiB, remove 0 B).
#7 6.341 [  1/110] ed-0:1.22.2-1.fc43.x86_64     100% | 890.4 KiB/s |  83.7 KiB |  00m00s
#7 6.349 [  2/110] ninja-build-0:1.13.1-4.fc43.x 100% |   1.9 MiB/s | 198.0 KiB |  00m00s
#7 6.355 [  3/110] patch-0:2.8-2.fc43.x86_64     100% |   1.0 MiB/s | 113.8 KiB |  00m00s
#7 6.375 [  4/110] perl-File-Path-0:2.18-520.fc4 100% |   1.7 MiB/s |  35.1 KiB |  00m00s
#7 6.397 [  5/110] perl-File-Temp-1:0.231.100-52 100% |   2.7 MiB/s |  59.0 KiB |  00m00s
#7 6.411 [  6/110] make-1:4.4.1-11.fc43.x86_64   100% |  10.2 MiB/s | 585.2 KiB |  00m00s
#7 6.437 [  7/110] perl-Getopt-Long-1:2.58-520.f 100% |   1.6 MiB/s |  63.6 KiB |  00m00s
#7 6.444 [  8/110] perl-PathTools-0:3.94-520.fc4 100% |   2.7 MiB/s |  87.2 KiB |  00m00s
#7 6.466 [  9/110] perl-Scalar-List-Utils-5:1.70 100% |   2.6 MiB/s |  75.0 KiB |  00m00s
#7 6.522 [ 10/110] perl-constant-0:1.33-521.fc43 100% | 295.7 KiB/s |  22.8 KiB |  00m00s
#7 6.538 [ 11/110] perl-Carp-0:1.54-520.fc43.noa 100% |   1.8 MiB/s |  28.7 KiB |  00m00s
#7 6.555 [ 12/110] perl-Exporter-0:5.79-520.fc43 100% |   1.9 MiB/s |  30.9 KiB |  00m00s
#7 6.571 [ 13/110] perl-parent-1:0.244-520.fc43. 100% | 987.0 KiB/s |  14.8 KiB |  00m00s
#7 6.588 [ 14/110] perl-Pod-Usage-4:2.05-520.fc4 100% |   2.5 MiB/s |  40.5 KiB |  00m00s
#7 6.604 [ 15/110] perl-Text-ParseWords-0:3.31-5 100% |   1.0 MiB/s |  16.3 KiB |  00m00s
#7 6.619 [ 16/110] dpkg-dev-0:1.23.7-1.fc43.noar 100% |   4.6 MiB/s |   1.3 MiB |  00m00s
#7 6.628 [ 17/110] perl-Digest-0:1.20-520.fc43.n 100% |   1.1 MiB/s |  24.8 KiB |  00m00s
#7 6.634 [ 18/110] perl-Digest-MD5-0:2.59-520.fc 100% |   2.5 MiB/s |  35.8 KiB |  00m00s
#7 6.643 [ 19/110] dpkg-perl-0:1.23.7-1.fc43.noa 100% |   1.9 MiB/s | 350.5 KiB |  00m00s
#7 6.648 [ 20/110] perl-Digest-SHA-1:6.04-521.fc 100% |   3.0 MiB/s |  61.8 KiB |  00m00s
#7 6.653 [ 21/110] perl-Digest-SHA1-0:2.13-48.fc 100% |   2.8 MiB/s |  52.3 KiB |  00m00s
#7 6.661 [ 22/110] perl-MIME-Base64-0:3.16-520.f 100% |   1.7 MiB/s |  29.7 KiB |  00m00s
#7 6.664 [ 23/110] perl-Storable-1:3.37-521.fc43 100% |   6.4 MiB/s |  98.5 KiB |  00m00s
#7 6.672 [ 24/110] perl-Time-HiRes-4:1.9778-520. 100% |   2.9 MiB/s |  57.1 KiB |  00m00s
#7 6.682 [ 25/110] perl-TimeDate-1:2.33-17.fc43. 100% |   2.8 MiB/s |  57.7 KiB |  00m00s
#7 6.690 [ 26/110] perl-Pod-Perldoc-0:3.28.01-52 100% |   4.8 MiB/s |  84.3 KiB |  00m00s
#7 6.706 [ 27/110] perl-Time-Local-2:1.350-520.f 100% |   2.1 MiB/s |  34.4 KiB |  00m00s
#7 6.712 [ 28/110] perl-podlators-1:6.0.2-520.fc 100% |   4.3 MiB/s | 128.3 KiB |  00m00s
#7 6.725 [ 29/110] perl-Pod-Simple-1:3.47-3.fc43 100% |  11.9 MiB/s | 219.9 KiB |  00m00s
#7 6.729 [ 30/110] dpkg-0:1.23.7-1.fc43.x86_64   100% |  23.8 MiB/s |   1.5 MiB |  00m00s
#7 6.733 [ 31/110] perl-Term-ANSIColor-0:5.01-52 100% |   2.2 MiB/s |  47.6 KiB |  00m00s
#7 6.740 [ 32/110] perl-Term-Cap-0:1.18-520.fc43 100% |   1.4 MiB/s |  21.9 KiB |  00m00s
#7 6.745 [ 33/110] perl-Pod-Escapes-1:1.07-520.f 100% |   1.2 MiB/s |  19.8 KiB |  00m00s
#7 6.750 [ 34/110] perl-Text-Tabs+Wrap-0:2024.00 100% |   1.2 MiB/s |  21.6 KiB |  00m00s
#7 6.761 [ 35/110] ncurses-0:6.5-7.20250614.fc43 100% |  19.8 MiB/s | 426.2 KiB |  00m00s
#7 6.769 [ 36/110] libmpc-0:1.3.1-8.fc43.x86_64  100% |   3.8 MiB/s |  70.4 KiB |  00m00s
#7 ...

#6 [stage-1 2/6] RUN dnf --setopt=install_weak_deps=False -y install       "https://mirrors.rpmfusion.org/free/fedora/rpmfusion-free-release-$(rpm -E %fedora).noarch.rpm"       "https://mirrors.rpmfusion.org/nonfree/fedora/rpmfusion-nonfree-release-$(rpm -E %fedora).noarch.rpm"     && dnf --setopt=install_weak_deps=False -y install       dbus-daemon file gamescope lsb-release pciutils steam       libglvnd-egl.i686 libglvnd-gles.i686 libglvnd-glx.i686       mesa-dri-drivers.i686 mesa-libEGL.i686 mesa-libGL.i686 mesa-libgbm.i686       mesa-vulkan-drivers.i686 vulkan-loader.i686     && dnf clean all     && rm -rf /var/cache/dnf
#6 6.773  https://mirrors.rpmfusion.org/nonfree/ 100% |   9.2 KiB/s |  11.3 KiB |  00m01s
#6 8.960  https://mirrors.rpmfusion.org/free/fed 100% |   3.3 KiB/s |  11.3 KiB |  00m03s
#6 9.910 Package                    Arch   Version Repository        Size
#6 9.910 Installing:
#6 9.910  rpmfusion-free-release    noarch 43-1    @commandline   5.6 KiB
#6 9.910  rpmfusion-nonfree-release noarch 43-1    @commandline   5.8 KiB
#6 9.910 
#6 9.910 Transaction Summary:
#6 9.910  Installing:         2 packages
#6 9.910 
#6 9.910 Total size of inbound packages is 23 KiB. Need to download 0 B.
#6 9.910 After this operation, 11 KiB extra will be used (install 11 KiB, remove 0 B).
#6 9.910 Running transaction
#6 9.922 [1/4] Verify package files              100% |   0.0   B/s |   2.0   B |  00m00s
#6 9.926 [2/4] Prepare transaction               100% |   1.0 KiB/s |   2.0   B |  00m00s
#6 9.934 [3/4] Installing rpmfusion-nonfree-rele 100% | 922.4 KiB/s |   7.4 KiB |  00m00s
#6 10.15 [4/4] Installing rpmfusion-free-release 100% |  34.0 KiB/s |   7.2 KiB |  00m00s
#6 10.15 Warning: skipped OpenPGP checks for 2 packages from repository: @commandline
#6 10.15 Complete!
#6 10.17 Updating and loading repositories:
#6 ...

#7 [bwrap-builder 2/5] RUN dnf --setopt=install_weak_deps=False -y install       ca-certificates dpkg-dev gcc git meson ninja-build patch     && dnf clean all     && rm -rf /var/cache/dnf
#7 7.033 [ 37/110] git-0:2.55.0-1.fc43.x86_64    100% | 155.3 KiB/s |  40.8 KiB |  00m00s
#7 7.050 [ 38/110] perl-TermReadKey-0:2.38-26.fc 100% |   2.0 MiB/s |  35.2 KiB |  00m00s
#7 7.554 [ 39/110] cpp-0:15.2.1-7.fc43.x86_64    100% |  16.3 MiB/s |  12.9 MiB |  00m01s
#7 7.875 [ 40/110] gcc-0:15.2.1-7.fc43.x86_64    100% |  35.2 MiB/s |  39.7 MiB |  00m01s
#7 7.924 [ 41/110] git-core-0:2.55.0-1.fc43.x86_ 100% |   6.1 MiB/s |   5.4 MiB |  00m01s
#7 7.927 [ 42/110] perl-Git-0:2.55.0-1.fc43.noar 100% | 733.0 KiB/s |  37.4 KiB |  00m00s
#7 7.942 [ 43/110] perl-Error-1:0.17030-2.fc43.n 100% |   2.3 MiB/s |  40.2 KiB |  00m00s
#7 7.999 [ 44/110] git-core-doc-0:2.55.0-1.fc43. 100% |   7.1 MiB/s |   3.2 MiB |  00m00s
#7 8.008 [ 45/110] python3-setuptools-0:78.1.1-1 100% |  31.6 MiB/s |   2.1 MiB |  00m00s
#7 8.086 [ 46/110] meson-0:1.8.5-3.fc43.noarch   100% |  15.3 MiB/s |   2.4 MiB |  00m00s
#7 8.147 [ 47/110] perl-libs-4:5.42.2-523.fc43.x 100% |  17.4 MiB/s |   2.6 MiB |  00m00s
#7 8.153 [ 48/110] perl-interpreter-4:5.42.2-523 100% | 496.6 KiB/s |  72.0 KiB |  00m00s
#7 8.157 [ 49/110] perl-Errno-0:1.38-523.fc43.x8 100% | 208.2 KiB/s |  14.6 KiB |  00m00s
#7 8.167 [ 50/110] python3-0:3.14.6-1.fc43.x86_6 100% |   1.5 MiB/s |  28.8 KiB |  00m00s
#7 8.174 [ 51/110] mpdecimal-0:4.0.1-2.fc43.x86_ 100% |   5.6 MiB/s |  97.1 KiB |  00m00s
#7 8.227 [ 52/110] python-pip-wheel-0:25.1.1-18. 100% |  20.4 MiB/s |   1.2 MiB |  00m00s
#7 8.377 [ 53/110] python3-libs-0:3.14.6-1.fc43. 100% |  45.1 MiB/s |   9.9 MiB |  00m00s
#7 8.381 [ 54/110] less-0:702-1.fc43.x86_64      100% |   1.1 MiB/s | 221.9 KiB |  00m00s
#7 8.395 [ 55/110] libfido2-0:1.16.0-3.fc43.x86_ 100% |   5.7 MiB/s |  98.5 KiB |  00m00s
#7 8.407 [ 56/110] openssh-clients-0:10.0p1-10.f 100% |   4.1 MiB/s | 746.2 KiB |  00m00s
#7 8.412 [ 57/110] libcbor-0:0.12.0-6.fc43.x86_6 100% |   2.0 MiB/s |  33.5 KiB |  00m00s
#7 8.430 [ 58/110] openssh-0:10.0p1-10.fc43.x86_ 100% |   6.9 MiB/s | 337.9 KiB |  00m00s
#7 8.434 [ 59/110] perl-File-Basename-0:2.86-523 100% | 645.3 KiB/s |  16.8 KiB |  00m00s
#7 8.437 [ 60/110] perl-IPC-Open3-0:1.24-523.fc4 100% | 981.1 KiB/s |  23.5 KiB |  00m00s
#7 8.447 [ 61/110] perl-lib-0:0.65-523.fc43.x86_ 100% | 910.9 KiB/s |  14.6 KiB |  00m00s
#7 8.454 [ 62/110] jansson-0:2.14-3.fc43.x86_64  100% |   2.8 MiB/s |  45.3 KiB |  00m00s
#7 8.506 [ 63/110] perl-Fcntl-0:1.20-523.fc43.x8 100% | 576.6 KiB/s |  29.4 KiB |  00m00s
#7 8.578 [ 64/110] binutils-0:2.45.1-4.fc43.x86_ 100% |  42.1 MiB/s |   5.9 MiB |  00m00s
#7 8.582 [ 65/110] perl-File-Compare-0:1.100.800 100% | 169.4 KiB/s |  12.9 KiB |  00m00s
#7 8.588 [ 66/110] glibc-devel-0:2.42-13.fc43.x8 100% |   4.0 MiB/s | 571.0 KiB |  00m00s
#7 8.597 [ 67/110] perl-File-Copy-0:2.41-523.fc4 100% |   1.1 MiB/s |  19.7 KiB |  00m00s
#7 8.607 [ 68/110] perl-File-Find-0:1.44-523.fc4 100% |   1.0 MiB/s |  25.0 KiB |  00m00s
#7 8.626 [ 69/110] perl-IO-0:1.55-523.fc43.x86_6 100% |   2.1 MiB/s |  81.7 KiB |  00m00s
#7 8.630 [ 70/110] perl-Tie-0:4.6-523.fc43.noarc 100% |   1.2 MiB/s |  27.4 KiB |  00m00s
#7 8.635 [ 71/110] perl-POSIX-0:2.23-523.fc43.x8 100% |   2.6 MiB/s |  96.7 KiB |  00m00s
#7 8.645 [ 72/110] perl-Time-Piece-0:1.3600-523. 100% |   2.2 MiB/s |  40.0 KiB |  00m00s
#7 8.649 [ 73/110] perl-overload-0:1.40-523.fc43 100% |   2.5 MiB/s |  45.2 KiB |  00m00s
#7 8.654 [ 74/110] xz-lzma-compat-1:5.8.1-4.fc43 100% |   2.0 MiB/s |  39.7 KiB |  00m00s
#7 8.664 [ 75/110] libmd-0:1.2.0-1.fc43.x86_64   100% |   2.8 MiB/s |  54.4 KiB |  00m00s
#7 8.673 [ 76/110] elfutils-debuginfod-client-0: 100% |   2.5 MiB/s |  46.0 KiB |  00m00s
#7 8.684 [ 77/110] zlib-ng-0:2.3.3-2.fc43.x86_64 100% |   2.7 MiB/s |  96.3 KiB |  00m00s
#7 8.692 [ 78/110] perl-Encode-4:3.21-520.fc43.x 100% |  39.0 MiB/s |   1.1 MiB |  00m00s
#7 8.696 [ 79/110] perl-base-0:2.27-523.fc43.noa 100% | 688.5 KiB/s |  15.8 KiB |  00m00s
#7 8.703 [ 80/110] perl-vars-0:1.05-523.fc43.noa 100% | 700.8 KiB/s |  12.6 KiB |  00m00s
#7 8.712 [ 81/110] perl-DynaLoader-0:1.57-523.fc 100% |   1.3 MiB/s |  25.6 KiB |  00m00s
#7 8.715 [ 82/110] perl-Symbol-0:1.09-523.fc43.n 100% | 768.2 KiB/s |  13.8 KiB |  00m00s
#7 8.721 [ 83/110] perl-if-0:0.61.000-523.fc43.n 100% | 757.3 KiB/s |  13.6 KiB |  00m00s
#7 8.735 [ 84/110] perl-HTTP-Tiny-0:0.094-1.fc43 100% |   2.8 MiB/s |  56.9 KiB |  00m00s
#7 8.740 [ 85/110] perl-IO-Socket-SSL-0:2.095-2. 100% |  12.6 MiB/s | 231.5 KiB |  00m00s
#7 8.759 [ 86/110] perl-IO-Socket-IP-0:0.43-521. 100% |   2.2 MiB/s |  42.1 KiB |  00m00s
#7 8.764 [ 87/110] perl-Net-SSLeay-0:1.94-11.fc4 100% |  13.1 MiB/s | 374.8 KiB |  00m00s
#7 8.768 [ 88/110] groff-base-0:1.23.0-11.fc43.x 100% |  19.6 MiB/s |   1.1 MiB |  00m00s
#7 8.778 [ 89/110] perl-AutoLoader-0:5.74-523.fc 100% |   1.1 MiB/s |  20.9 KiB |  00m00s
#7 8.785 [ 90/110] perl-Socket-4:2.041-1.fc43.x8 100% |   2.5 MiB/s |  54.5 KiB |  00m00s
#7 8.796 [ 91/110] perl-MIME-Base32-0:1.303-24.f 100% |   1.1 MiB/s |  20.4 KiB |  00m00s
#7 8.825 [ 92/110] perl-libnet-0:3.15-521.fc43.n 100% |   3.2 MiB/s | 128.3 KiB |  00m00s
#7 8.940 [ 93/110] perl-URI-0:5.34-2.fc43.noarch 100% | 868.2 KiB/s | 149.3 KiB |  00m00s
#7 8.944 [ 94/110] perl-Getopt-Std-0:1.14-523.fc 100% | 104.2 KiB/s |  15.3 KiB |  00m00s
#7 8.947 [ 95/110] vim-filesystem-2:9.2.780-1.fc 100% | 132.7 KiB/s |  16.1 KiB |  00m00s
#7 8.963 [ 96/110] perl-overloading-0:0.02-523.f 100% | 659.1 KiB/s |  12.5 KiB |  00m00s
#7 8.967 [ 97/110] perl-mro-0:1.29-523.fc43.x86_ 100% |   1.3 MiB/s |  29.5 KiB |  00m00s
#7 8.971 [ 98/110] perl-Data-Dumper-0:2.192-522. 100% |   2.4 MiB/s |  55.9 KiB |  00m00s
#7 8.981 [ 99/110] perl-locale-0:1.13-523.fc43.n 100% | 772.3 KiB/s |  13.1 KiB |  00m00s
#7 8.985 [100/110] perl-File-stat-0:1.14-523.fc4 100% | 926.8 KiB/s |  16.7 KiB |  00m00s
#7 8.990 [101/110] perl-SelectSaver-0:1.02-523.f 100% | 597.2 KiB/s |  11.3 KiB |  00m00s
#7 9.000 [102/110] perl-Class-Struct-0:0.68-523. 100% |   1.2 MiB/s |  21.7 KiB |  00m00s
#7 9.022 [103/110] perl-B-0:1.89-523.fc43.x86_64 100% |   4.7 MiB/s | 177.3 KiB |  00m00s
#7 9.026 [104/110] libxcrypt-devel-0:4.5.2-1.fc4 100% |   1.1 MiB/s |  30.0 KiB |  00m00s
#7 9.042 [105/110] pkgconf-pkg-config-0:2.3.0-3. 100% | 600.5 KiB/s |   9.6 KiB |  00m00s
#7 9.055 [106/110] kernel-headers-0:7.1.3-100.fc 100% |  27.2 MiB/s |   1.7 MiB |  00m00s
#7 9.059 [107/110] perl-FileHandle-0:2.05-523.fc 100% | 420.1 KiB/s |  15.1 KiB |  00m00s
#7 9.062 [108/110] pkgconf-0:2.3.0-3.fc43.x86_64 100% |   2.3 MiB/s |  44.6 KiB |  00m00s
#7 9.070 [109/110] pkgconf-m4-0:2.3.0-3.fc43.noa 100% | 993.7 KiB/s |  13.9 KiB |  00m00s
#7 9.078 [110/110] libpkgconf-0:2.3.0-3.fc43.x86 100% |   2.5 MiB/s |  37.9 KiB |  00m00s
#7 9.078 --------------------------------------------------------------------------------
#7 9.078 [110/110] Total                         100% |  35.2 MiB/s |  99.8 MiB |  00m03s
#7 9.079 Running transaction
#7 9.855 [  1/112] Verify package files          100% | 567.0   B/s | 110.0   B |  00m00s
#7 9.857 [  2/112] Prepare transaction           100% |   3.0 KiB/s | 110.0   B |  00m00s
#7 9.877 [  3/112] Installing libmpc-0:1.3.1-8.f 100% |   9.3 MiB/s | 162.1 KiB |  00m00s
#7 9.950 [  4/112] Installing make-1:4.4.1-11.fc 100% | 138.5 MiB/s |   1.8 MiB |  00m00s
#7 9.977 [  5/112] Installing cpp-0:15.2.1-7.fc4 100% | 431.5 MiB/s |  38.0 MiB |  00m00s
#7 9.997 [  6/112] Installing libpkgconf-0:2.3.0 100% |   4.3 MiB/s |  79.2 KiB |  00m00s
#7 10.03 [  7/112] Installing pkgconf-0:2.3.0-3. 100% |   3.0 MiB/s |  91.0 KiB |  00m00s
#7 10.07 [  8/112] Installing pkgconf-m4-0:2.3.0 100% | 389.6 KiB/s |  14.8 KiB |  00m00s
#7 10.10 [  9/112] Installing pkgconf-pkg-config 100% |  46.7 KiB/s |   1.8 KiB |  00m00s
#7 10.16 [ 10/112] Installing kernel-headers-0:7 100% | 182.0 MiB/s |   7.1 MiB |  00m00s
#7 10.17 [ 11/112] Installing glibc-devel-0:2.42 100% |  75.9 MiB/s |   2.4 MiB |  00m00s
#7 10.18 [ 12/112] Installing libxcrypt-devel-0: 100% |   8.2 MiB/s |  33.4 KiB |  00m00s
#7 10.20 [ 13/112] Installing vim-filesystem-2:9 100% | 484.4 KiB/s |   4.8 KiB |  00m00s
#7 10.21 [ 14/112] Installing groff-base-0:1.23. 100% | 160.2 MiB/s |   3.8 MiB |  00m00s
#7 10.23 [ 15/112] Installing elfutils-debuginfo 100% |   7.7 MiB/s |  86.4 KiB |  00m00s
#7 10.23 [ 16/112] Installing zlib-ng-0:2.3.3-2. 100% |  29.9 MiB/s | 183.5 KiB |  00m00s
#7 10.24 [ 17/112] Installing libmd-0:1.2.0-1.fc 100% |  30.8 MiB/s | 126.1 KiB |  00m00s
#7 10.26 [ 18/112] Installing dpkg-0:1.23.7-1.fc 100% | 332.6 MiB/s |   6.3 MiB |  00m00s
#7 10.27 [ 19/112] Installing xz-lzma-compat-1:5 100% |   7.0 MiB/s |  64.7 KiB |  00m00s
#7 10.29 [ 20/112] Installing jansson-0:2.14-3.f 100% |  22.1 MiB/s |  90.5 KiB |  00m00s
#7 10.32 [ 21/112] Installing binutils-0:2.45.1- 100% | 684.4 MiB/s |  27.4 MiB |  00m00s
#7 10.46 [ 22/112] Installing gcc-0:15.2.1-7.fc4 100% | 747.0 MiB/s | 112.1 MiB |  00m00s
#7 10.47 [ 23/112] Installing libcbor-0:0.12.0-6 100% |  11.0 MiB/s |  79.2 KiB |  00m00s
#7 10.47 [ 24/112] Installing libfido2-0:1.16.0- 100% |  46.9 MiB/s | 240.0 KiB |  00m00s
#7 10.49 [ 25/112] Installing openssh-0:10.0p1-1 100% | 126.5 MiB/s |   1.4 MiB |  00m00s
#7 10.51 [ 26/112] Installing openssh-clients-0: 100% | 130.6 MiB/s |   2.6 MiB |  00m00s
#7 10.52 [ 27/112] Installing less-0:702-1.fc43. 100% |  35.6 MiB/s | 473.3 KiB |  00m00s
#7 10.57 [ 28/112] Installing git-core-0:2.55.0- 100% | 597.7 MiB/s |  25.1 MiB |  00m00s
#7 10.58 [ 29/112] Installing git-core-doc-0:2.5 100% |   1.4 GiB/s |  19.1 MiB |  00m00s
#7 10.58 [ 30/112] Installing python-pip-wheel-0 100% | 207.5 MiB/s |   1.2 MiB |  00m00s
#7 10.62 [ 31/112] Installing mpdecimal-0:4.0.1- 100% |  26.7 MiB/s | 218.8 KiB |  00m00s
#7 10.78 [ 32/112] Installing python3-libs-0:3.1 100% | 229.8 MiB/s |  43.7 MiB |  00m00s
#7 10.79 [ 33/112] Installing python3-0:3.14.6-1 100% |   2.5 MiB/s |  30.5 KiB |  00m00s
#7 10.84 [ 34/112] Installing ninja-build-0:1.13 100% |  36.3 MiB/s | 483.8 KiB |  00m00s
#7 10.85 [ 35/112] Installing python3-setuptools 100% | 236.4 MiB/s |   9.2 MiB |  00m00s
#7 10.86 [ 36/112] Installing ncurses-0:6.5-7.20 100% |  50.2 MiB/s | 616.4 KiB |  00m00s
#7 10.86 [ 37/112] Installing perl-Digest-0:1.20 100% |   7.2 MiB/s |  37.1 KiB |  00m00s
#7 10.87 [ 38/112] Installing perl-FileHandle-0: 100% |   2.4 MiB/s |   9.8 KiB |  00m00s
#7 10.87 [ 39/112] Installing perl-B-0:1.89-523. 100% |  82.1 MiB/s | 504.7 KiB |  00m00s
#7 10.88 [ 40/112] Installing perl-Digest-MD5-0: 100% |  12.0 MiB/s |  61.6 KiB |  00m00s
#7 10.88 [ 41/112] Installing perl-libnet-0:3.15 100% |  57.6 MiB/s | 294.7 KiB |  00m00s
#7 10.89 [ 42/112] Installing perl-Data-Dumper-0 100% |  22.9 MiB/s | 117.4 KiB |  00m00s
#7 10.90 [ 43/112] Installing perl-MIME-Base32-0 100% |   7.9 MiB/s |  32.2 KiB |  00m00s
#7 10.90 [ 44/112] Installing perl-URI-0:5.34-2. 100% |  34.4 MiB/s | 281.8 KiB |  00m00s
#7 10.91 [ 45/112] Installing perl-IO-Socket-IP- 100% |  20.0 MiB/s | 102.2 KiB |  00m00s
#7 10.91 [ 46/112] Installing perl-AutoLoader-0: 100% |   5.1 MiB/s |  21.0 KiB |  00m00s
#7 10.92 [ 47/112] Installing perl-File-Path-0:2 100% |  15.8 MiB/s |  64.5 KiB |  00m00s
#7 10.92 [ 48/112] Installing perl-IO-Socket-SSL 100% | 140.3 MiB/s | 718.6 KiB |  00m00s
#7 10.93 [ 49/112] Installing perl-locale-0:1.13 100% |   1.6 MiB/s |   6.5 KiB |  00m00s
#7 10.94 [ 50/112] Installing perl-Net-SSLeay-0: 100% |  79.9 MiB/s |   1.4 MiB |  00m00s
#7 10.95 [ 51/112] Installing perl-if-0:0.61.000 100% |   1.5 MiB/s |   6.2 KiB |  00m00s
#7 10.95 [ 52/112] Installing perl-Pod-Escapes-1 100% |   8.4 MiB/s |  25.9 KiB |  00m00s
#7 10.96 [ 53/112] Installing perl-Text-Tabs+Wra 100% |   7.8 MiB/s |  23.9 KiB |  00m00s
#7 10.96 [ 54/112] Installing perl-Time-Local-2: 100% |  17.2 MiB/s |  70.6 KiB |  00m00s
#7 10.96 [ 55/112] Installing perl-Time-HiRes-4: 100% |  28.8 MiB/s | 117.8 KiB |  00m00s
#7 10.97 [ 56/112] Installing perl-File-Temp-1:0 100% |  32.0 MiB/s | 164.1 KiB |  00m00s
#7 10.97 [ 57/112] Installing perl-HTTP-Tiny-0:0 100% |  39.1 MiB/s | 160.3 KiB |  00m00s
#7 10.98 [ 58/112] Installing perl-Class-Struct- 100% |   6.3 MiB/s |  25.9 KiB |  00m00s
#7 10.98 [ 59/112] Installing perl-IPC-Open3-0:1 100% |   5.6 MiB/s |  28.5 KiB |  00m00s
#7 10.99 [ 60/112] Installing perl-POSIX-0:2.23- 100% |  45.1 MiB/s | 230.8 KiB |  00m00s
#7 11.00 [ 61/112] Installing perl-Pod-Simple-1: 100% |  93.6 MiB/s | 574.9 KiB |  00m00s
#7 11.00 [ 62/112] Installing perl-Term-Cap-0:1. 100% |   7.5 MiB/s |  30.6 KiB |  00m00s
#7 11.01 [ 63/112] Installing perl-Term-ANSIColo 100% |  19.4 MiB/s |  99.2 KiB |  00m00s
#7 11.02 [ 64/112] Installing perl-Pod-Perldoc-0 100% |  16.5 MiB/s | 169.2 KiB |  00m00s
#7 11.03 [ 65/112] Installing perl-podlators-1:6 100% |  31.4 MiB/s | 321.4 KiB |  00m00s
#7 11.03 [ 66/112] Installing perl-File-stat-0:1 100% |   3.2 MiB/s |  13.1 KiB |  00m00s
#7 11.04 [ 67/112] Installing perl-SelectSaver-0 100% | 653.3 KiB/s |   2.6 KiB |  00m00s
#7 11.04 [ 68/112] Installing perl-Socket-4:2.04 100% |  39.9 MiB/s | 122.7 KiB |  00m00s
#7 11.04 [ 69/112] Installing perl-Symbol-0:1.09 100% |   2.4 MiB/s |   7.3 KiB |  00m00s
#7 11.05 [ 70/112] Installing perl-Pod-Usage-4:2 100% |   9.5 MiB/s |  87.9 KiB |  00m00s
#7 11.06 [ 71/112] Installing perl-IO-0:1.55-523 100% |  29.6 MiB/s | 151.7 KiB |  00m00s
#7 11.06 [ 72/112] Installing perl-overloading-0 100% |   1.4 MiB/s |   5.6 KiB |  00m00s
#7 11.07 [ 73/112] Installing perl-mro-0:1.29-52 100% |  10.4 MiB/s |  42.7 KiB |  00m00s
#7 11.07 [ 74/112] Installing perl-base-0:2.27-5 100% |   3.2 MiB/s |  13.0 KiB |  00m00s
#7 11.08 [ 75/112] Installing perl-Fcntl-0:1.20- 100% |  16.2 MiB/s |  49.9 KiB |  00m00s
#7 11.08 [ 76/112] Installing perl-Text-ParseWor 100% |   3.6 MiB/s |  14.6 KiB |  00m00s
#7 11.09 [ 77/112] Installing perl-Getopt-Long-1 100% |  35.9 MiB/s | 147.2 KiB |  00m00s
#7 11.09 [ 78/112] Installing perl-Storable-1:3. 100% |  56.8 MiB/s | 232.8 KiB |  00m00s
#7 11.10 [ 79/112] Installing perl-overload-0:1. 100% |  17.6 MiB/s |  72.0 KiB |  00m00s
#7 11.10 [ 80/112] Installing perl-Getopt-Std-0: 100% |   3.8 MiB/s |  11.8 KiB |  00m00s
#7 11.10 [ 81/112] Installing perl-vars-0:1.05-5 100% |   1.4 MiB/s |   4.3 KiB |  00m00s
#7 11.11 [ 82/112] Installing perl-File-Basename 100% |   3.6 MiB/s |  14.6 KiB |  00m00s
#7 11.11 [ 83/112] Installing perl-Errno-0:1.38- 100% |   2.9 MiB/s |   8.8 KiB |  00m00s
#7 11.11 [ 84/112] Installing perl-MIME-Base64-0 100% |  10.8 MiB/s |  44.3 KiB |  00m00s
#7 11.12 [ 85/112] Installing perl-parent-1:0.24 100% |   2.7 MiB/s |  11.0 KiB |  00m00s
#7 11.12 [ 86/112] Installing perl-constant-0:1. 100% |   8.9 MiB/s |  27.4 KiB |  00m00s
#7 11.13 [ 87/112] Installing perl-Scalar-List-U 100% |  29.0 MiB/s | 148.7 KiB |  00m00s
#7 11.15 [ 88/112] Installing perl-Encode-4:3.21 100% | 223.5 MiB/s |   4.7 MiB |  00m00s
#7 11.15 [ 89/112] Installing perl-DynaLoader-0: 100% |  10.6 MiB/s |  32.5 KiB |  00m00s
#7 11.16 [ 90/112] Installing perl-PathTools-0:3 100% |  45.1 MiB/s | 184.6 KiB |  00m00s
#7 11.16 [ 91/112] Installing perl-Exporter-0:5. 100% |  18.1 MiB/s |  55.6 KiB |  00m00s
#7 11.19 [ 92/112] Installing perl-Carp-0:1.54-5 100% |  11.6 MiB/s |  47.7 KiB |  00m00s
#7 11.20 [ 93/112] Installing perl-libs-4:5.42.2 100% | 323.6 MiB/s |  11.6 MiB |  00m00s
#7 11.21 [ 94/112] Installing perl-interpreter-4 100% |  11.8 MiB/s | 120.5 KiB |  00m00s
#7 11.22 [ 95/112] Installing perl-File-Copy-0:2 100% |   4.9 MiB/s |  20.2 KiB |  00m00s
#7 11.22 [ 96/112] Installing perl-File-Find-0:1 100% |  10.4 MiB/s |  42.5 KiB |  00m00s
#7 11.23 [ 97/112] Installing perl-Digest-SHA-1: 100% |  11.2 MiB/s | 115.0 KiB |  00m00s
#7 11.24 [ 98/112] Installing perl-Digest-SHA1-0 100% |  21.5 MiB/s | 110.2 KiB |  00m00s
#7 11.24 [ 99/112] Installing perl-TimeDate-1:2. 100% |  16.9 MiB/s | 103.7 KiB |  00m00s
#7 11.25 [100/112] Installing perl-TermReadKey-0 100% |  12.9 MiB/s |  66.2 KiB |  00m00s
#7 11.25 [101/112] Installing perl-Error-1:0.170 100% |  19.5 MiB/s |  80.0 KiB |  00m00s
#7 11.26 [102/112] Installing perl-lib-0:0.65-52 100% |   2.2 MiB/s |   8.9 KiB |  00m00s
#7 11.26 [103/112] Installing git-0:2.55.0-1.fc4 100% |  19.2 MiB/s |  59.0 KiB |  00m00s
#7 11.27 [104/112] Installing perl-Git-0:2.55.0- 100% |  12.8 MiB/s |  65.4 KiB |  00m00s
#7 11.27 [105/112] Installing perl-File-Compare- 100% |   1.5 MiB/s |   6.2 KiB |  00m00s
#7 11.28 [106/112] Installing perl-Tie-0:4.6-523 100% |   8.3 MiB/s |  33.9 KiB |  00m00s
#7 11.28 [107/112] Installing perl-Time-Piece-0: 100% |  23.7 MiB/s |  72.9 KiB |  00m00s
#7 11.29 [108/112] Installing dpkg-perl-0:1.23.7 100% | 100.0 MiB/s | 921.4 KiB |  00m00s
#7 11.30 [109/112] Installing ed-0:1.22.2-1.fc43 100% |  13.3 MiB/s | 150.4 KiB |  00m00s
#7 11.31 [110/112] Installing patch-0:2.8-2.fc43 100% |  21.9 MiB/s | 224.3 KiB |  00m00s
#7 11.36 [111/112] Installing dpkg-dev-0:1.23.7- 100% | 170.7 MiB/s |   2.2 MiB |  00m00s
#7 11.54 [112/112] Installing meson-0:1.8.5-3.fc 100% |  63.5 MiB/s |  13.4 MiB |  00m00s
#7 11.54 Complete!
#7 11.57 Removed 18 files, 11 directories (total of 103 MiB). 0 errors occurred.
#7 DONE 11.6s

#8 [bwrap-builder 3/5] WORKDIR /build
#8 DONE 0.1s

#9 [bwrap-builder 4/5] COPY images/quasar-steam/ignore-capabilities.patch /build/ignore-capabilities.patch
#9 DONE 0.1s

#6 [stage-1 2/6] RUN dnf --setopt=install_weak_deps=False -y install       "https://mirrors.rpmfusion.org/free/fedora/rpmfusion-free-release-$(rpm -E %fedora).noarch.rpm"       "https://mirrors.rpmfusion.org/nonfree/fedora/rpmfusion-nonfree-release-$(rpm -E %fedora).noarch.rpm"     && dnf --setopt=install_weak_deps=False -y install       dbus-daemon file gamescope lsb-release pciutils steam       libglvnd-egl.i686 libglvnd-gles.i686 libglvnd-glx.i686       mesa-dri-drivers.i686 mesa-libEGL.i686 mesa-libGL.i686 mesa-libgbm.i686       mesa-vulkan-drivers.i686 vulkan-loader.i686     && dnf clean all     && rm -rf /var/cache/dnf
#6 ...

#10 [bwrap-builder 5/5] RUN git clone https://github.com/containers/bubblewrap.git     && cd bubblewrap     && ./ci/builddeps.sh     && patch -p1 < /build/ignore-capabilities.patch     && meson setup build --buildtype=release     && meson compile -C build
#10 0.211 Cloning into 'bubblewrap'...
#10 1.060 + set -o pipefail
#10 1.060 + opt_clang=
#10 1.060 + getopt_temp=help
#10 1.060 + getopt_temp=help,clang
#10 1.060 ++ getopt -o '' --long help,clang -n ./ci/builddeps.sh --
#10 1.061 + getopt_temp=' --'
#10 1.061 + eval set -- ' --'
#10 1.061 ++ set -- --
#10 1.061 + unset getopt_temp
#10 1.061 + true
#10 1.061 + case "$1" in
#10 1.061 + shift
#10 1.061 + break
#10 1.061 + dpkg-vendor --derives-from Debian
#10 1.069 + command -v yum
#10 1.069 /usr/bin/yum
#10 1.069 + yum -y install 'pkgconfig(libselinux)' /usr/bin/eu-readelf docbook-style-xsl gcc git libasan libcap-devel libtool libtsan libubsan libxslt make meson redhat-rpm-config rsync
#10 1.089 Updating and loading repositories:
#10 5.336  Fedora 43 - x86_64                     100% |  22.1 MiB/s |  93.9 MiB |  00m04s
#10 5.369  Fedora 43 - x86_64 - Updates           100% |  40.3 MiB/s | 160.9 MiB |  00m04s
#10 5.991  Fedora 43 openh264 (From Cisco) - x86_ 100% |   2.4 KiB/s |  10.1 KiB |  00m04s
#10 ...

#6 [stage-1 2/6] RUN dnf --setopt=install_weak_deps=False -y install       "https://mirrors.rpmfusion.org/free/fedora/rpmfusion-free-release-$(rpm -E %fedora).noarch.rpm"       "https://mirrors.rpmfusion.org/nonfree/fedora/rpmfusion-nonfree-release-$(rpm -E %fedora).noarch.rpm"     && dnf --setopt=install_weak_deps=False -y install       dbus-daemon file gamescope lsb-release pciutils steam       libglvnd-egl.i686 libglvnd-gles.i686 libglvnd-glx.i686       mesa-dri-drivers.i686 mesa-libEGL.i686 mesa-libGL.i686 mesa-libgbm.i686       mesa-vulkan-drivers.i686 vulkan-loader.i686     && dnf clean all     && rm -rf /var/cache/dnf
#6 14.94  RPM Fusion for Fedora 43 - Nonfree     100% |  19.9 KiB/s |  93.9 KiB |  00m05s
#6 14.94  RPM Fusion for Fedora 43 - Nonfree - U 100% |  13.8 KiB/s |  53.3 KiB |  00m04s
#6 16.30  RPM Fusion for Fedora 43 - Free - Upda 100% |  18.9 KiB/s |  82.5 KiB |  00m04s
#6 18.24  RPM Fusion for Fedora 43 - Free        100% |  29.5 KiB/s | 160.7 KiB |  00m05s
#6 18.29 Repositories loaded.
#6 19.36 Package                           Arch   Version                              Repository                     Size
#6 19.36 Installing:
#6 19.36  dbus-daemon                      x86_64 1:1.16.2-1.fc43                      updates                   441.2 KiB
#6 19.36  file                             x86_64 5.46-9.fc43                          updates                   100.2 KiB
#6 19.36  gamescope                        x86_64 3.16.23-1.fc43                       updates                     4.0 MiB
#6 19.36  libglvnd-egl                     i686   1:1.7.0-8.fc43                       fedora                     68.0 KiB
#6 19.36  libglvnd-gles                    i686   1:1.7.0-8.fc43                       fedora                     84.3 KiB
#6 19.36  libglvnd-glx                     i686   1:1.7.0-8.fc43                       fedora                    607.5 KiB
#6 19.36  lsb_release                      noarch 3.3-7.fc43                           fedora                     30.4 KiB
#6 19.36  mesa-dri-drivers                 i686   25.3.6-3.fc43                        updates                    52.4 MiB
#6 19.36  mesa-vulkan-drivers              i686   25.3.6-3.fc43                        updates                   156.3 MiB
#6 19.36  pciutils                         x86_64 3.15.0-1.fc43                        updates                   300.5 KiB
#6 19.36  steam                            x86_64 1.0.0.87-1.fc43                      rpmfusion-nonfree-updates  19.5 MiB
#6 19.36  vulkan-loader                    i686   1.4.341.0-1.fc43                     updates                   613.1 KiB
#6 19.36 Installing dependencies:
#6 19.36  ModemManager-glib                x86_64 1.24.2-1.fc43                        fedora                      1.5 MiB
#6 19.36  NetworkManager-libnm             i686   1:1.54.3-3.fc43                      updates                    10.1 MiB
#6 19.36  NetworkManager-libnm             x86_64 1:1.54.3-3.fc43                      updates                    10.0 MiB
#6 19.36  SDL3                             i686   3.4.12-1.fc43                        updates                     3.4 MiB
#6 19.36  SDL3                             x86_64 3.4.12-1.fc43                        updates                     3.1 MiB
#6 19.36  abattis-cantarell-vf-fonts       noarch 0.301-15.fc43                        fedora                    192.7 KiB
#6 19.36  adwaita-cursor-theme             noarch 49.0-1.fc43                          fedora                     11.4 MiB
#6 19.36  adwaita-icon-theme               noarch 49.0-1.fc43                          fedora                      1.2 MiB
#6 19.36  adwaita-icon-theme-legacy        noarch 46.2-4.fc43                          fedora                      2.1 MiB
#6 19.36  alsa-lib                         i686   1.2.16.1-1.fc43                      updates                     1.6 MiB
#6 19.36  appstream                        x86_64 1.1.3-1.fc43                         updates                     4.9 MiB
#6 19.36  at-spi2-atk                      i686   2.58.6-1.fc43                        updates                   288.1 KiB
#6 19.36  at-spi2-atk                      x86_64 2.58.6-1.fc43                        updates                   283.4 KiB
#6 19.36  at-spi2-core                     i686   2.58.6-1.fc43                        updates                     1.6 MiB
#6 19.36  at-spi2-core                     x86_64 2.58.6-1.fc43                        updates                     1.6 MiB
#6 19.36  atk                              i686   2.58.6-1.fc43                        updates                   255.8 KiB
#6 19.36  atk                              x86_64 2.58.6-1.fc43                        updates                   248.5 KiB
#6 19.36  audit-libs                       i686   4.1.4-1.fc43                         updates                   392.5 KiB
#6 19.36  avahi-glib                       i686   0.9~rc2-6.fc43                       fedora                     18.9 KiB
#6 19.36  avahi-glib                       x86_64 0.9~rc2-6.fc43                       fedora                     19.6 KiB
#6 19.36  avahi-libs                       i686   0.9~rc2-6.fc43                       fedora                    180.8 KiB
#6 19.36  bluez-libs                       i686   5.87-2.fc43                          updates                   197.5 KiB
#6 19.36  bubblewrap                       x86_64 0.11.0-2.fc43                        fedora                    135.0 KiB
#6 19.36  bzip2-libs                       i686   1.0.8-21.fc43                        fedora                     79.8 KiB
#6 19.36  cairo                            i686   1.18.4-2.fc43                        fedora                      1.9 MiB
#6 19.36  cairo                            x86_64 1.18.4-2.fc43                        fedora                      1.8 MiB
#6 19.36  cairo-gobject                    i686   1.18.4-2.fc43                        fedora                     30.4 KiB
#6 19.36  cairo-gobject                    x86_64 1.18.4-2.fc43                        fedora                     31.1 KiB
#6 19.36  cdparanoia-libs                  x86_64 10.2-48.fc43                         fedora                    113.5 KiB
#6 19.36  colord-libs                      i686   1.4.8-2.fc43                         fedora                    846.9 KiB
#6 19.36  colord-libs                      x86_64 1.4.8-2.fc43                         fedora                    830.7 KiB
#6 19.36  cups-filesystem                  noarch 1:2.4.19-3.fc43                      updates                     0.0   B
#6 19.36  cups-libs                        i686   1:2.4.19-3.fc43                      updates                   677.2 KiB
#6 19.36  cups-libs                        x86_64 1:2.4.19-3.fc43                      updates                   618.5 KiB
#6 19.36  dbus                             x86_64 1:1.16.2-1.fc43                      updates                     0.0   B
#6 19.36  dbus-common                      noarch 1:1.16.2-1.fc43                      updates                    11.2 KiB
#6 19.36  dbus-libs                        i686   1:1.16.2-1.fc43                      updates                   368.9 KiB
#6 19.36  dbus-tools                       x86_64 1:1.16.2-1.fc43                      updates                    98.7 KiB
#6 19.36  default-fonts-core-sans          noarch 4.2-5.fc43                           fedora                     11.9 KiB
#6 19.36  elfutils-libelf                  i686   0.195-1.fc43                         updates                     1.2 MiB
#6 19.36  expat                            i686   2.8.1-1.fc43                         updates                   314.0 KiB
#6 19.36  fdk-aac-free                     i686   2.0.0-16.fc43                        fedora                    611.2 KiB
#6 19.36  fftw-libs-single                 i686   3.3.10-16.fc43                       fedora                      1.7 MiB
#6 19.36  firewalld-filesystem             noarch 2.3.2-1.fc43                         updates                   239.0   B
#6 19.36  flac-libs                        i686   1.5.0-5.fc43                         updates                   650.1 KiB
#6 19.36  fmt                              i686   11.2.0-3.fc43                        fedora                    266.1 KiB
#6 19.36  fontconfig                       i686   2.17.0-3.fc43                        fedora                    745.3 KiB
#6 19.36  fontconfig                       x86_64 2.17.0-3.fc43                        fedora                    765.9 KiB
#6 19.36  fonts-filesystem                 noarch 1:2.0.5-23.fc43                      fedora                      0.0   B
#6 19.36  freetype                         i686   2.13.3-3.fc43                        fedora                    849.9 KiB
#6 19.36  freetype                         x86_64 2.13.3-3.fc43                        fedora                    850.2 KiB
#6 19.36  fribidi                          i686   1.0.16-3.fc43                        fedora                    188.2 KiB
#6 19.36  fribidi                          x86_64 1.0.16-3.fc43                        fedora                    190.3 KiB
#6 19.36  fuse-common                      x86_64 3.16.2-6.fc43                        updates                    38.0   B
#6 19.36  fuse3                            x86_64 3.16.2-6.fc43                        updates                   121.7 KiB
#6 19.36  fuse3-libs                       x86_64 3.16.2-6.fc43                        updates                   277.5 KiB
#6 19.36  gdk-pixbuf2                      i686   2.44.6^really2.44.4-1.fc43           updates                     2.5 MiB
#6 19.36  gdk-pixbuf2                      x86_64 2.44.6^really2.44.4-1.fc43           updates                     2.5 MiB
#6 19.36  geoclue2                         x86_64 2.8.2-1.fc43                         updates                   409.0 KiB
#6 19.36  glib2                            i686   2.86.5-1.fc43                        updates                    15.4 MiB
#6 19.36  glibc                            i686   2.42-13.fc43                         updates                     5.5 MiB
#6 19.36  glycin-libs                      i686   2.0.8-1.fc43                         updates                     4.8 MiB
#6 19.36  glycin-libs                      x86_64 2.0.8-1.fc43                         updates                     4.2 MiB
#6 19.36  glycin-loaders                   i686   2.0.8-1.fc43                         updates                    14.9 MiB
#6 19.36  glycin-loaders                   x86_64 2.0.8-1.fc43                         updates                    12.7 MiB
#6 19.36  gmp                              i686   1:6.3.0-4.fc43                       fedora                    734.2 KiB
#6 19.36  gnutls                           i686   3.8.13-1.fc43                        updates                     3.9 MiB
#6 19.36  google-noto-fonts-common         noarch 20251101-2.fc43                      updates                    17.7 KiB
#6 19.36  google-noto-sans-vf-fonts        noarch 20251101-2.fc43                      updates                     1.4 MiB
#6 19.36  graphene                         x86_64 1.10.8-2.fc43                        fedora                    158.4 KiB
#6 19.36  graphite2                        i686   1.3.14-19.fc43                       fedora                    190.2 KiB
#6 19.36  graphite2                        x86_64 1.3.14-19.fc43                       fedora                    191.8 KiB
#6 19.36  gsm                              i686   1.0.23-1.fc43                        fedora                     64.5 KiB
#6 19.36  gssdp                            x86_64 1.6.6-1.fc43                         updates                   151.1 KiB
#6 19.36  gstreamer1                       x86_64 1.26.11-1.fc43                       updates                     5.4 MiB
#6 19.36  gstreamer1-plugins-bad-free-libs x86_64 1.26.11-1.fc43                       updates                     3.1 MiB
#6 19.36  gstreamer1-plugins-base          x86_64 1.26.11-1.fc43                       updates                     7.4 MiB
#6 19.36  gtk-update-icon-cache            x86_64 3.24.52-1.fc43                       updates                    62.2 KiB
#6 19.36  gtk3                             i686   3.24.52-1.fc43                       updates                    23.4 MiB
#6 19.36  gtk3                             x86_64 3.24.52-1.fc43                       updates                    22.5 MiB
#6 19.36  gtk4                             x86_64 4.20.4-1.fc43                        updates                    26.9 MiB
#6 19.36  gupnp                            x86_64 1.6.10-1.fc43                        updates                   307.9 KiB
#6 19.36  gupnp-igd                        x86_64 1.6.0-7.fc43                         fedora                     66.7 KiB
#6 19.36  harfbuzz                         i686   11.5.1-2.fc43                        updates                     2.9 MiB
#6 19.36  harfbuzz                         x86_64 11.5.1-2.fc43                        updates                     2.8 MiB
#6 19.36  hicolor-icon-theme               noarch 0.18-2.fc43                          fedora                     72.4 KiB
#6 19.36  highway                          i686   1.3.0-1.fc43                         updates                     2.2 MiB
#6 19.36  highway                          x86_64 1.3.0-1.fc43                         updates                     5.5 MiB
#6 19.36  iso-codes                        noarch 4.18.0-2.fc43                        fedora                     21.5 MiB
#6 19.36  jbigkit-libs                     x86_64 2.1-32.fc43                          fedora                    113.5 KiB
#6 19.36  json-glib                        i686   1.10.8-4.fc43                        updates                   599.7 KiB
#6 19.36  json-glib                        x86_64 1.10.8-4.fc43                        updates                   592.3 KiB
#6 19.36  keyutils-libs                    i686   1.6.3-6.fc43                         fedora                     53.5 KiB
#6 19.36  kmod-libs                        x86_64 34.2-2.fc43                          fedora                    135.1 KiB
#6 19.36  krb5-libs                        i686   1.22.2-4.fc43                        updates                     2.3 MiB
#6 19.36  lame-libs                        i686   3.100-20.fc43                        fedora                      1.2 MiB
#6 19.36  lcms2                            i686   2.16-6.fc43                          fedora                    468.0 KiB
#6 19.36  lcms2                            x86_64 2.16-6.fc43                          fedora                    433.7 KiB
#6 19.36  libICE                           i686   1.1.2-3.fc43                         fedora                    197.3 KiB
#6 19.36  libICE                           x86_64 1.1.2-3.fc43                         fedora                    194.4 KiB
#6 19.36  libSM                            x86_64 1.2.5-3.fc43                         fedora                    101.0 KiB
#6 19.36  libX11                           i686   1.8.13-1.fc43                        updates                     1.3 MiB
#6 19.36  libX11-xcb                       i686   1.8.13-1.fc43                        updates                    10.2 KiB
#6 19.36  libXau                           i686   1.0.12-3.fc43                        fedora                     72.2 KiB
#6 19.36  libXcomposite                    i686   0.4.6-6.fc43                         fedora                     39.7 KiB
#6 19.36  libXcomposite                    x86_64 0.4.6-6.fc43                         fedora                     40.5 KiB
#6 19.36  libXcursor                       i686   1.2.3-3.fc43                         fedora                     52.7 KiB
#6 19.36  libXcursor                       x86_64 1.2.3-3.fc43                         fedora                     53.4 KiB
#6 19.36  libXdamage                       i686   1.1.6-6.fc43                         fedora                     38.9 KiB
#6 19.36  libXdamage                       x86_64 1.1.6-6.fc43                         fedora                     39.6 KiB
#6 19.36  libXdmcp                         x86_64 1.1.5-4.fc43                         fedora                     78.2 KiB
#6 19.36  libXext                          i686   1.3.6-4.fc43                         fedora                     92.8 KiB
#6 19.36  libXfixes                        i686   6.0.1-6.fc43                         fedora                     29.5 KiB
#6 19.36  libXfixes                        x86_64 6.0.1-6.fc43                         fedora                     26.2 KiB
#6 19.36  libXfont2                        x86_64 2.0.8-1.fc43                         updates                   347.8 KiB
#6 19.36  libXft                           i686   2.3.8-9.fc43                         fedora                    163.5 KiB
#6 19.36  libXft                           x86_64 2.3.8-9.fc43                         fedora                    164.4 KiB
#6 19.36  libXi                            i686   1.8.2-3.fc43                         fedora                     79.8 KiB
#6 19.36  libXi                            x86_64 1.8.2-3.fc43                         fedora                     80.6 KiB
#6 19.36  libXinerama                      i686   1.1.5-9.fc43                         fedora                     14.1 KiB
#6 19.36  libXinerama                      x86_64 1.1.5-9.fc43                         fedora                     15.0 KiB
#6 19.36  libXmu                           x86_64 1.2.1-4.fc43                         fedora                    191.3 KiB
#6 19.36  libXrandr                        i686   1.5.4-6.fc43                         fedora                     59.0 KiB
#6 19.36  libXrandr                        x86_64 1.5.4-6.fc43                         fedora                     51.8 KiB
#6 19.36  libXrender                       i686   0.9.12-3.fc43                        fedora                     49.2 KiB
#6 19.36  libXrender                       x86_64 0.9.12-3.fc43                        fedora                     46.0 KiB
#6 19.36  libXres                          x86_64 1.2.2-6.fc43                         fedora                     20.8 KiB
#6 19.36  libXt                            x86_64 1.3.1-3.fc43                         fedora                    429.8 KiB
#6 19.36  libXtst                          i686   1.2.5-3.fc43                         fedora                     32.6 KiB
#6 19.36  libXtst                          x86_64 1.2.5-3.fc43                         fedora                     33.5 KiB
#6 19.36  libXv                            x86_64 1.0.13-3.fc43                        fedora                     26.0 KiB
#6 19.36  libXxf86vm                       i686   1.1.6-3.fc43                         fedora                     24.4 KiB
#6 19.36  libadwaita                       x86_64 1.8.6-1.fc43                         updates                     3.2 MiB
#6 19.36  libaom                           i686   3.13.3-1.fc43                        updates                     3.6 MiB
#6 19.36  libaom                           x86_64 3.13.3-1.fc43                        updates                     5.0 MiB
#6 19.36  libasyncns                       i686   0.8-31.fc43                          fedora                     54.8 KiB
#6 19.36  libatomic                        i686   15.2.1-7.fc43                        updates                    23.5 KiB
#6 19.36  libatomic                        x86_64 15.2.1-7.fc43                        updates                    36.7 KiB
#6 19.36  libavif                          x86_64 1.3.0-2.fc43                         fedora                    258.0 KiB
#6 19.36  libblkid                         i686   2.41.5-1.fc43                        updates                   285.3 KiB
#6 19.36  libbrotli                        i686   1.2.0-1.fc43                         updates                   851.1 KiB
#6 19.36  libcap                           i686   2.76-4.fc43                          updates                   193.8 KiB
#6 19.36  libcap-ng                        i686   0.9.3-1.fc43                         updates                    67.5 KiB
#6 19.36  libcloudproviders                i686   0.3.6-2.fc43                         fedora                    123.5 KiB
#6 19.36  libcloudproviders                x86_64 0.3.6-2.fc43                         fedora                    124.3 KiB
#6 19.36  libcom_err                       i686   1.47.3-2.fc43                        fedora                     62.3 KiB
#6 19.36  libdatrie                        i686   0.2.13-12.fc43                       fedora                     57.1 KiB
#6 19.36  libdatrie                        x86_64 0.2.13-12.fc43                       fedora                     53.8 KiB
#6 19.36  libdav1d                         i686   1.5.3-1.fc43                         updates                     1.1 MiB
#6 19.36  libdav1d                         x86_64 1.5.3-1.fc43                         updates                     1.7 MiB
#6 19.36  libdecor                         i686   0.2.5-1.fc43                         updates                   150.3 KiB
#6 19.36  libdecor                         x86_64 0.2.5-1.fc43                         updates                   165.2 KiB
#6 19.36  libdisplay-info                  i686   0.2.0-4.fc43                         fedora                    211.1 KiB
#6 19.36  libdrm                           i686   2.4.134-1.fc43                       updates                   421.6 KiB
#6 19.36  libebur128                       i686   1.2.6-14.fc43                        fedora                     38.6 KiB
#6 19.36  libeconf                         i686   0.7.9-2.fc43                         fedora                     64.1 KiB
#6 19.36  libedit                          i686   3.1-58.20260512cvs.fc43              updates                   243.6 KiB
#6 19.36  libei                            x86_64 1.5.0-1.fc43                         fedora                    115.3 KiB
#6 19.36  libeis                           x86_64 1.5.0-1.fc43                         fedora                    115.3 KiB
#6 19.36  libepoxy                         i686   1.5.10-11.fc43                       fedora                      1.1 MiB
#6 19.36  libepoxy                         x86_64 1.5.10-11.fc43                       fedora                      1.1 MiB
#6 19.36  libevdev                         x86_64 1.13.6-1.fc43                        updates                    82.0 KiB
#6 19.36  libevent                         i686   2.1.12-16.fc43                       fedora                    939.3 KiB
#6 19.36  libffi                           i686   3.5.2-1.fc43                         updates                    78.9 KiB
#6 19.36  libfontenc                       x86_64 1.1.8-4.fc43                         fedora                     66.9 KiB
#6 19.36  libfyaml                         x86_64 0.8-8.fc43                           fedora                    541.3 KiB
#6 19.36  libgcc                           i686   15.2.1-7.fc43                        updates                   297.6 KiB
#6 19.36  libglvnd                         i686   1:1.7.0-8.fc43                       fedora                    467.7 KiB
#6 19.36  libgomp                          i686   15.2.1-7.fc43                        updates                   540.6 KiB
#6 19.36  libgudev                         x86_64 238-8.fc43                           fedora                     83.8 KiB
#6 19.36  libgusb                          i686   0.4.9-4.fc43                         fedora                    157.2 KiB
#6 19.36  libgusb                          x86_64 0.4.9-4.fc43                         fedora                    162.0 KiB
#6 19.36  libheif                          i686   1.20.2-6.fc43                        fedora                      1.6 MiB
#6 19.36  libheif                          x86_64 1.20.2-6.fc43                        fedora                      1.6 MiB
#6 19.36  libicu                           i686   77.1-1.fc43                          fedora                     36.7 MiB
#6 19.36  libicu                           x86_64 77.1-1.fc43                          fedora                     36.4 MiB
#6 19.36  libidn2                          i686   2.3.8-2.fc43                         fedora                    551.8 KiB
#6 19.36  libinput                         x86_64 1.30.3-1.fc43                        updates                   676.0 KiB
#6 19.36  libjpeg-turbo                    i686   3.1.3-1.fc43                         updates                   882.2 KiB
#6 19.36  libjpeg-turbo                    x86_64 3.1.3-1.fc43                         updates                   806.3 KiB
#6 19.36  libjxl                           i686   1:0.11.2-1.fc43                      updates                     2.7 MiB
#6 19.36  libjxl                           x86_64 1:0.11.2-1.fc43                      updates                     4.1 MiB
#6 19.36  liblc3                           i686   1.1.3-5.fc43                         fedora                    174.1 KiB
#6 19.36  libldac                          i686   2.0.2.3-18.fc43                      fedora                     72.6 KiB
#6 19.36  liblerc                          x86_64 4.0.0-9.fc43                         fedora                    624.1 KiB
#6 19.36  libliftoff                       x86_64 0.5.0-4.fc43                         fedora                     43.2 KiB
#6 19.36  libmount                         i686   2.41.5-1.fc43                        updates                   411.8 KiB
#6 19.36  libnghttp2                       i686   1.66.0-2.fc43                        fedora                    161.5 KiB
#6 19.36  libnice                          x86_64 0.1.22-8.fc43                        fedora                    497.7 KiB
#6 19.36  libnotify                        x86_64 0.8.8-1.fc43                         updates                   126.6 KiB
#6 19.36  libnsl                           i686   2.42-13.fc43                         updates                   101.3 KiB
#6 19.36  libnsl                           x86_64 2.42-13.fc43                         updates                    97.9 KiB
#6 19.36  liboeffis                        x86_64 1.5.0-1.fc43                         fedora                     33.0 KiB
#6 19.36  libogg                           i686   2:1.3.6-2.fc43                       updates                    44.9 KiB
#6 19.36  libopenjph                       x86_64 0.22.0-2.fc43                        fedora                    466.2 KiB
#6 19.36  libpciaccess                     i686   0.16-16.fc43                         fedora                     47.8 KiB
#6 19.36  libpng                           i686   2:1.6.58-1.fc43                      updates                   265.1 KiB
#6 19.36  libpng                           x86_64 2:1.6.58-1.fc43                      updates                   245.7 KiB
#6 19.36  libpsl                           i686   0.21.5-6.fc43                        fedora                     75.7 KiB
#6 19.36  librsvg2                         i686   2.61.4-1.fc43                        updates                     5.4 MiB
#6 19.36  librsvg2                         x86_64 2.61.4-1.fc43                        updates                     5.0 MiB
#6 19.36  libsbc                           i686   2.0-7.fc43                           fedora                     88.7 KiB
#6 19.36  libseat                          x86_64 0.9.3-1.fc43                         updates                    47.5 KiB
#6 19.36  libseccomp                       i686   2.6.0-2.fc43                         fedora                    228.2 KiB
#6 19.36  libseccomp                       x86_64 2.6.0-2.fc43                         fedora                    224.9 KiB
#6 19.36  libselinux                       i686   3.9-5.fc43                           fedora                    212.4 KiB
#6 19.36  libsepol                         i686   3.9-2.fc43                           fedora                    873.3 KiB
#6 19.36  libsndfile                       i686   1.2.2-10.fc43                        fedora                    633.1 KiB
#6 19.36  libsoup3                         i686   3.6.6-3.fc43                         updates                     1.8 MiB
#6 19.36  libsoup3                         x86_64 3.6.6-3.fc43                         updates                     1.7 MiB
#6 19.36  libstdc++                        i686   15.2.1-7.fc43                        updates                     2.9 MiB
#6 19.36  libstemmer                       i686   3.0.1-8.fc43                         fedora                    576.6 KiB
#6 19.36  libstemmer                       x86_64 3.0.1-8.fc43                         fedora                    661.5 KiB
#6 19.36  libtasn1                         i686   4.21.0-1.fc43                        updates                   180.0 KiB
#6 19.36  libthai                          i686   0.1.29-11.fc43                       fedora                    782.6 KiB
#6 19.36  libthai                          x86_64 0.1.29-11.fc43                       fedora                    783.4 KiB
#6 19.36  libtheora                        x86_64 1:1.1.1-40.fc43                      fedora                    477.3 KiB
#6 19.36  libtiff                          x86_64 4.7.1-1.fc43                         updates                   624.4 KiB
#6 19.36  libtinysparql                    i686   3.10.1-5.fc43                        updates                     1.0 MiB
#6 19.36  libtinysparql                    x86_64 3.10.1-5.fc43                        updates                   995.0 KiB
#6 19.36  libunistring                     i686   1.1-10.fc43                          fedora                      1.7 MiB
#6 19.36  libunwind                        x86_64 1.8.1-3.fc43                         fedora                    194.1 KiB
#6 19.36  libusb1                          i686   1.0.30-1.fc43                        updates                   179.3 KiB
#6 19.36  libuuid                          i686   2.41.5-1.fc43                        updates                    40.5 KiB
#6 19.36  libva                            i686   2.22.0-6.fc43                        fedora                    357.3 KiB
#6 19.36  libva                            x86_64 2.22.0-6.fc43                        fedora                    329.4 KiB
#6 19.36  libvdpau                         i686   1.5-10.fc43                          fedora                     20.0 KiB
#6 19.36  libvdpau                         x86_64 1.5-10.fc43                          fedora                     20.7 KiB
#6 19.36  libverto                         i686   0.3.2-11.fc43                        fedora                     24.7 KiB
#6 19.36  libvisual                        x86_64 1:0.4.2-3.fc43                       fedora                    452.7 KiB
#6 19.36  libvmaf                          x86_64 3.0.0-4.fc43                         fedora                    827.0 KiB
#6 19.36  libvorbis                        i686   1:1.3.7-13.fc43                      fedora                    767.1 KiB
#6 19.36  libwacom                         x86_64 2.18.0-1.fc43                        updates                   114.0 KiB
#6 19.36  libwacom-data                    noarch 2.18.0-1.fc43                        updates                     1.4 MiB
#6 19.36  libwayland-client                i686   1.25.0-1.fc43                        updates                    60.9 KiB
#6 19.36  libwayland-cursor                i686   1.25.0-1.fc43                        updates                    32.2 KiB
#6 19.36  libwayland-egl                   i686   1.25.0-1.fc43                        updates                    11.6 KiB
#6 19.36  libwebp                          i686   1.6.0-2.fc43                         fedora                      1.0 MiB
#6 19.36  libwebp                          x86_64 1.6.0-2.fc43                         fedora                    956.6 KiB
#6 19.36  libxcb                           i686   1.17.0-6.fc43                        fedora                      1.0 MiB
#6 19.36  libxcvt                          x86_64 0.1.2-10.fc43                        fedora                     14.5 KiB
#6 19.36  libxkbcommon                     i686   1.11.0-1.fc43                        fedora                    418.8 KiB
#6 19.36  libxkbfile                       x86_64 1.1.3-4.fc43                         fedora                    197.9 KiB
#6 19.36  libxml2                          i686   2.12.10-5.fc43                       fedora                      1.8 MiB
#6 19.36  libxmlb                          x86_64 0.3.28-1.fc43                        updates                   284.2 KiB
#6 19.36  libxshmfence                     i686   1.3.2-7.fc43                         fedora                     11.7 KiB
#6 19.36  libyuv                           x86_64 0-0.57.20240704git96bbdb5.fc43       fedora                    679.7 KiB
#6 19.36  libzstd                          i686   1.5.7-2.fc43                         fedora                    775.4 KiB
#6 19.36  llvm-filesystem                  i686   21.1.8-4.fc43                        updates                     0.0   B
#6 19.36  llvm-libs                        i686   21.1.8-4.fc43                        updates                   143.2 MiB
#6 19.36  lm_sensors-libs                  i686   3.6.0-23.fc43                        fedora                     81.0 KiB
#6 19.36  luajit                           x86_64 2.1.1767980792-1.fc43                updates                     1.4 MiB
#6 19.36  lzo                              i686   2.10-15.fc43                         fedora                    178.2 KiB
#6 19.36  lzo                              x86_64 2.10-15.fc43                         fedora                    178.9 KiB
#6 19.36  mesa-filesystem                  i686   25.3.6-3.fc43                        updates                     3.6 KiB
#6 19.36  mesa-libEGL                      i686   25.3.6-3.fc43                        updates                   325.2 KiB
#6 19.36  mesa-libGL                       i686   25.3.6-3.fc43                        updates                   321.2 KiB
#6 19.36  mesa-libgbm                      i686   25.3.6-3.fc43                        updates                    18.9 KiB
#6 19.36  mpdecimal                        x86_64 4.0.1-2.fc43                         fedora                    217.2 KiB
#6 19.36  mpg123-libs                      i686   1.32.10-2.fc43                       fedora                    844.3 KiB
#6 19.36  mtdev                            x86_64 1.1.6-11.fc43                        fedora                     29.2 KiB
#6 19.36  ncurses-libs                     i686   6.5-7.20250614.fc43                  fedora                    945.6 KiB
#6 19.36  nettle                           i686   3.10.1-2.fc43                        fedora                    776.6 KiB
#6 19.36  nspr                             i686   4.39.0-2.fc43                        updates                   331.9 KiB
#6 19.36  nspr                             x86_64 4.39.0-2.fc43                        updates                   315.2 KiB
#6 19.36  nss                              i686   3.125.0-1.fc43                       updates                     2.0 MiB
#6 19.36  nss                              x86_64 3.125.0-1.fc43                       updates                     1.9 MiB
#6 19.36  nss-softokn                      i686   3.125.0-1.fc43                       updates                     2.2 MiB
#6 19.36  nss-softokn                      x86_64 3.125.0-1.fc43                       updates                     2.0 MiB
#6 19.36  nss-softokn-freebl               i686   3.125.0-1.fc43                       updates                     1.0 MiB
#6 19.36  nss-softokn-freebl               x86_64 3.125.0-1.fc43                       updates                   994.7 KiB
#6 19.36  nss-sysinit                      x86_64 3.125.0-1.fc43                       updates                    17.9 KiB
#6 19.36  nss-util                         i686   3.125.0-1.fc43                       updates                   200.0 KiB
#6 19.36  nss-util                         x86_64 3.125.0-1.fc43                       updates                   204.7 KiB
#6 19.36  openal-soft                      i686   1.24.2-4.fc43                        fedora                      1.6 MiB
#6 19.36  openal-soft                      x86_64 1.24.2-4.fc43                        fedora                      1.6 MiB
#6 19.36  openh264                         x86_64 2.6.0-2.fc43                         fedora-cisco-openh264       1.1 MiB
#6 19.36  openjpeg                         i686   2.5.4-1.fc43                         fedora                    479.7 KiB
#6 19.36  openjpeg                         x86_64 2.5.4-1.fc43                         fedora                    456.3 KiB
#6 19.36  openssl-libs                     i686   1:3.5.7-1.fc43                       updates                     7.3 MiB
#6 19.36  opus                             i686   1.5.2-3.fc43                         fedora                    451.0 KiB
#6 19.36  orc                              x86_64 0.4.41-2.fc43                        fedora                    726.3 KiB
#6 19.36  p11-kit                          i686   0.26.2-1.fc43                        updates                     2.6 MiB
#6 19.36  pam-libs                         i686   1.7.1-4.fc43                         updates                   128.5 KiB
#6 19.36  pango                            i686   1.57.1-1.fc43                        updates                     1.0 MiB
#6 19.36  pango                            x86_64 1.57.1-1.fc43                        updates                     1.0 MiB
#6 19.36  pciutils-libs                    x86_64 3.15.0-1.fc43                        updates                    99.3 KiB
#6 19.36  pcre2                            i686   10.47-1.fc43                         updates                   705.1 KiB
#6 19.36  pipewire-libs                    i686   1.4.11-1.fc43                        updates                     8.5 MiB
#6 19.36  pixman                           i686   0.46.2-2.fc43                        fedora                    757.8 KiB
#6 19.36  pixman                           x86_64 0.46.2-2.fc43                        fedora                    710.3 KiB
#6 19.36  pulseaudio-libs                  i686   17.0-9.fc43                          updates                     3.5 MiB
#6 19.36  python-pip-wheel                 noarch 25.1.1-18.fc43                       fedora                      1.2 MiB
#6 19.36  python3                          x86_64 3.14.6-1.fc43                        updates                    28.7 KiB
#6 19.36  python3-libs                     x86_64 3.14.6-1.fc43                        updates                    43.3 MiB
#6 19.36  rav1e-libs                       i686   0.8.1-2.fc43                         updates                     2.1 MiB
#6 19.36  rav1e-libs                       x86_64 0.8.1-2.fc43                         updates                     3.1 MiB
#6 19.36  sdl2-compat                      x86_64 2.32.70-1.fc43                       updates                   408.3 KiB
#6 19.36  shared-mime-info                 x86_64 2.4-2.fc43                           fedora                      5.2 MiB
#6 19.36  spirv-tools-libs                 i686   2026.1-2.fc43                        updates                     6.3 MiB
#6 19.36  sqlite-libs                      i686   3.50.2-2.fc43                        fedora                      1.6 MiB
#6 19.36  steam-devices                    noarch 1.0.0.101^git20260625.22ec85e-1.fc43 updates                    15.5 KiB
#6 19.36  svt-av1-libs                     i686   3.1.2-1.fc43                         fedora                      2.7 MiB
#6 19.36  svt-av1-libs                     x86_64 3.1.2-1.fc43                         fedora                      5.6 MiB
#6 19.36  systemd-libs                     i686   258.9-1.fc43                         updates                     2.3 MiB
#6 19.36  webrtc-audio-processing          i686   1.3-9.fc43                           fedora                      1.4 MiB
#6 19.36  wlroots0.18                      x86_64 0.18.3-1.fc43                        updates                     1.2 MiB
#6 19.36  xcb-util-errors                  x86_64 1.0.1-6.fc43                         fedora                     40.5 KiB
#6 19.36  xcb-util-renderutil              x86_64 0.3.10-8.fc43                        fedora                     24.4 KiB
#6 19.36  xcb-util-wm                      x86_64 0.4.2-8.fc43                         fedora                     81.2 KiB
#6 19.36  xdg-desktop-portal               x86_64 1.20.4-1.fc43                        updates                     1.9 MiB
#6 19.36  xkbcomp                          x86_64 1.5.0-1.fc43                         updates                   221.1 KiB
#6 19.36  xml-common                       noarch 0.6.3-67.fc43                        fedora                     78.4 KiB
#6 19.36  xorg-x11-server-Xwayland         x86_64 24.1.13-1.fc43                       updates                     2.3 MiB
#6 19.36  xprop                            x86_64 1.2.8-4.fc43                         fedora                     54.7 KiB
#6 19.36  xz-libs                          i686   1:5.8.1-4.fc43                       updates                   233.3 KiB
#6 19.36  zenity                           x86_64 4.2.2-1.fc43                         updates                     8.7 MiB
#6 19.36  zlib-ng-compat                   i686   2.3.3-2.fc43                         updates                   185.1 KiB
#6 19.36 
#6 19.36 Transaction Summary:
#6 19.36  Installing:       330 packages
#6 19.36 
#6 19.36 Total size of inbound packages is 259 MiB. Need to download 259 MiB.
#6 19.36 After this operation, 943 MiB extra will be used (install 943 MiB, remove 0 B).
#6 20.39 [  1/330] lsb_release-0:3.3-7.fc43.noar 100% | 306.1 KiB/s |  20.5 KiB |  00m00s
#6 20.39 [  2/330] libglvnd-gles-1:1.7.0-8.fc43. 100% | 387.8 KiB/s |  28.3 KiB |  00m00s
#6 20.40 [  3/330] libglvnd-egl-1:1.7.0-8.fc43.i 100% | 480.6 KiB/s |  37.0 KiB |  00m00s
#6 20.79 [  4/330] libXext-0:1.3.6-4.fc43.i686   100% | 106.5 KiB/s |  41.8 KiB |  00m00s
#6 20.96 [  5/330] libglvnd-glx-1:1.7.0-8.fc43.i 100% | 230.4 KiB/s | 131.8 KiB |  00m01s
#6 21.08 [  6/330] libglvnd-1:1.7.0-8.fc43.i686  100% | 165.4 KiB/s | 113.6 KiB |  00m01s
#6 21.17 [  7/330] dbus-common-1:1.16.2-1.fc43.n 100% |  66.5 KiB/s |  13.9 KiB |  00m00s
#6 21.20 [  8/330] dbus-tools-1:1.16.2-1.fc43.x8 100% | 371.7 KiB/s |  44.2 KiB |  00m00s
#6 21.26 [  9/330] dbus-daemon-1:1.16.2-1.fc43.x 100% | 385.3 KiB/s | 178.8 KiB |  00m00s
#6 21.27 [ 10/330] file-0:5.46-9.fc43.x86_64     100% | 480.5 KiB/s |  48.5 KiB |  00m00s
#6 21.30 [ 11/330] libXcomposite-0:0.4.6-6.fc43. 100% | 575.3 KiB/s |  24.2 KiB |  00m00s
#6 21.31 [ 12/330] libXcursor-0:1.2.3-3.fc43.x86 100% | 916.4 KiB/s |  31.2 KiB |  00m00s
#6 21.48 [ 13/330] libXdamage-0:1.1.6-6.fc43.x86 100% | 129.2 KiB/s |  23.3 KiB |  00m00s
#6 21.51 [ 14/330] gamescope-0:3.16.23-1.fc43.x8 100% |   3.7 MiB/s |   1.1 MiB |  00m00s
#6 21.51 [ 15/330] libXfixes-0:6.0.1-6.fc43.x86_ 100% |  92.1 KiB/s |  19.1 KiB |  00m00s
#6 21.52 [ 16/330] libXi-0:1.8.2-3.fc43.x86_64   100% |   1.1 MiB/s |  40.3 KiB |  00m00s
#6 21.54 [ 17/330] libXrender-0:0.9.12-3.fc43.x8 100% |   1.1 MiB/s |  26.9 KiB |  00m00s
#6 21.54 [ 18/330] libXres-0:1.2.2-6.fc43.x86_64 100% | 627.5 KiB/s |  15.1 KiB |  00m00s
#6 21.54 [ 19/330] libXmu-0:1.2.1-4.fc43.x86_64  100% |   2.2 MiB/s |  78.2 KiB |  00m00s
#6 21.56 [ 20/330] libXtst-0:1.2.5-3.fc43.x86_64 100% |   1.0 MiB/s |  20.5 KiB |  00m00s
#6 21.57 [ 21/330] libeis-0:1.5.0-1.fc43.x86_64  100% |   2.0 MiB/s |  54.1 KiB |  00m00s
#6 21.58 [ 22/330] libavif-0:1.3.0-2.fc43.x86_64 100% |   2.9 MiB/s | 120.7 KiB |  00m00s
#6 21.59 [ 23/330] libliftoff-0:0.5.0-4.fc43.x86 100% | 903.5 KiB/s |  26.2 KiB |  00m00s
#6 21.64 [ 24/330] pixman-0:0.46.2-2.fc43.x86_64 100% |   4.3 MiB/s | 292.5 KiB |  00m00s
#6 21.65 [ 25/330] libXt-0:1.3.1-3.fc43.x86_64   100% |   2.7 MiB/s | 179.2 KiB |  00m00s
#6 21.66 [ 26/330] libyuv-0:0-0.57.20240704git96 100% |   2.7 MiB/s | 202.1 KiB |  00m00s
#6 21.81 [ 27/330] svt-av1-libs-0:3.1.2-1.fc43.x 100% |  12.0 MiB/s |   2.0 MiB |  00m00s
#6 21.81 [ 28/330] libSM-0:1.2.5-3.fc43.x86_64   100% | 296.8 KiB/s |  44.2 KiB |  00m00s
#6 21.81 [ 29/330] libICE-0:1.1.2-3.fc43.x86_64  100% | 476.5 KiB/s |  78.1 KiB |  00m00s
#6 21.83 [ 30/330] pciutils-libs-0:3.15.0-1.fc43 100% |   2.5 MiB/s |  52.0 KiB |  00m00s
#6 21.84 [ 31/330] pciutils-0:3.15.0-1.fc43.x86_ 100% |   3.8 MiB/s | 128.2 KiB |  00m00s
#6 21.84 [ 32/330] kmod-libs-0:34.2-2.fc43.x86_6 100% |   2.0 MiB/s |  68.1 KiB |  00m00s
#6 21.86 [ 33/330] bzip2-libs-0:1.0.8-21.fc43.i6 100% |   2.2 MiB/s |  42.8 KiB |  00m00s
#6 21.89 [ 34/330] fontconfig-0:2.17.0-3.fc43.i6 100% |   6.5 MiB/s | 279.0 KiB |  00m00s
#6 21.91 [ 35/330] libICE-0:1.1.2-3.fc43.i686    100% |   1.7 MiB/s |  80.8 KiB |  00m00s
#6 21.91 [ 36/330] libXinerama-0:1.1.5-9.fc43.i6 100% | 572.6 KiB/s |  14.3 KiB |  00m00s
#6 21.92 [ 37/330] libXtst-0:1.2.5-3.fc43.i686   100% |   1.1 MiB/s |  21.2 KiB |  00m00s
#6 21.94 [ 38/330] libvdpau-0:1.5-10.fc43.i686   100% | 991.5 KiB/s |  16.9 KiB |  00m00s
#6 21.95 [ 39/330] libva-0:2.22.0-6.fc43.i686    100% |   3.5 MiB/s | 122.3 KiB |  00m00s
#6 21.97 [ 40/330] default-fonts-core-sans-0:4.2 100% |   1.3 MiB/s |  29.9 KiB |  00m00s
#6 22.02 [ 41/330] openal-soft-0:1.24.2-4.fc43.i 100% |   8.5 MiB/s | 686.3 KiB |  00m00s
#6 22.03 [ 42/330] fonts-filesystem-1:2.0.5-23.f 100% | 155.0 KiB/s |   8.7 KiB |  00m00s
#6 22.11 [ 43/330] freetype-0:2.13.3-3.fc43.i686 100% |   4.9 MiB/s | 419.4 KiB |  00m00s
#6 22.13 [ 44/330] libxml2-0:2.12.10-5.fc43.i686 100% |   6.8 MiB/s | 733.1 KiB |  00m00s
#6 22.14 [ 45/330] xml-common-0:0.6.3-67.fc43.no 100% |   1.2 MiB/s |  31.0 KiB |  00m00s
#6 22.17 [ 46/330] steam-0:1.0.0.87-1.fc43.x86_6 100% |  58.2 MiB/s |  19.4 MiB |  00m00s
#6 22.17 [ 47/330] libXinerama-0:1.1.5-9.fc43.x8 100% | 416.2 KiB/s |  14.2 KiB |  00m00s
#6 22.20 [ 48/330] fontconfig-0:2.17.0-3.fc43.x8 100% |   4.2 MiB/s | 272.2 KiB |  00m00s
#6 22.20 [ 49/330] libXi-0:1.8.2-3.fc43.i686     100% |   1.3 MiB/s |  42.4 KiB |  00m00s
#6 22.20 [ 50/330] libXfixes-0:6.0.1-6.fc43.i686 100% | 613.2 KiB/s |  19.6 KiB |  00m00s
#6 22.23 [ 51/330] libvdpau-0:1.5-10.fc43.x86_64 100% | 785.6 KiB/s |  16.5 KiB |  00m00s
#6 22.24 [ 52/330] libxcb-0:1.17.0-6.fc43.i686   100% |   6.2 MiB/s | 255.4 KiB |  00m00s
#6 22.24 [ 53/330] libva-0:2.22.0-6.fc43.x86_64  100% |   3.1 MiB/s | 115.9 KiB |  00m00s
#6 22.26 [ 54/330] fmt-0:11.2.0-3.fc43.i686      100% |   3.1 MiB/s | 102.2 KiB |  00m00s
#6 22.29 [ 55/330] openal-soft-0:1.24.2-4.fc43.x 100% |  12.0 MiB/s | 651.3 KiB |  00m00s
#6 22.29 [ 56/330] abattis-cantarell-vf-fonts-0: 100% |   2.3 MiB/s | 120.1 KiB |  00m00s
#6 22.32 [ 57/330] freetype-0:2.13.3-3.fc43.x86_ 100% |   6.7 MiB/s | 412.1 KiB |  00m00s
#6 22.32 [ 58/330] libXau-0:1.0.12-3.fc43.i686   100% |   1.0 MiB/s |  33.9 KiB |  00m00s
#6 22.41 [ 59/330] libxshmfence-0:1.3.2-7.fc43.i 100% | 157.3 KiB/s |  13.4 KiB |  00m00s
#6 22.60 [ 60/330] lm_sensors-libs-0:3.6.0-23.fc 100% | 215.4 KiB/s |  40.7 KiB |  00m00s
#6 22.62 [ 61/330] mesa-dri-drivers-0:25.3.6-3.f 100% |  41.5 MiB/s |  13.5 MiB |  00m00s
#6 22.62 [ 62/330] mesa-filesystem-0:25.3.6-3.fc 100% | 388.3 KiB/s |  10.5 KiB |  00m00s
#6 22.63 [ 63/330] libzstd-0:1.5.7-2.fc43.i686   100% |   1.0 MiB/s | 307.6 KiB |  00m00s
#6 22.64 [ 64/330] mesa-libgbm-0:25.3.6-3.fc43.i 100% | 989.5 KiB/s |  16.8 KiB |  00m00s
#6 22.66 [ 65/330] libXxf86vm-0:1.1.6-3.fc43.i68 100% | 992.0 KiB/s |  18.8 KiB |  00m00s
#6 22.66 [ 66/330] mesa-libGL-0:25.3.6-3.fc43.i6 100% |   3.4 MiB/s | 128.1 KiB |  00m00s
#6 22.67 [ 67/330] mesa-libEGL-0:25.3.6-3.fc43.i 100% |   3.8 MiB/s | 130.6 KiB |  00m00s
#6 22.81 [ 68/330] libdisplay-info-0:0.2.0-4.fc4 100% | 557.0 KiB/s |  84.7 KiB |  00m00s
#6 22.89 [ 69/330] vulkan-loader-0:1.4.341.0-1.f 100% | 765.8 KiB/s | 173.1 KiB |  00m00s
#6 23.08 [ 70/330] mesa-vulkan-drivers-0:25.3.6- 100% |  61.1 MiB/s |  25.8 MiB |  00m00s
#6 23.09 [ 71/330] NetworkManager-libnm-1:1.54.3 100% |   6.9 MiB/s |   1.9 MiB |  00m00s
#6 23.10 [ 72/330] NetworkManager-libnm-1:1.54.3 100% |   9.0 MiB/s |   1.9 MiB |  00m00s
#6 23.13 [ 73/330] SDL3-0:3.4.12-1.fc43.x86_64   100% |  21.4 MiB/s |   1.2 MiB |  00m00s
#6 23.15 [ 74/330] SDL3-0:3.4.12-1.fc43.i686     100% |  20.8 MiB/s |   1.2 MiB |  00m00s
#6 23.15 [ 75/330] firewalld-filesystem-0:2.3.2- 100% | 215.0 KiB/s |  10.1 KiB |  00m00s
#6 23.20 [ 76/330] glibc-0:2.42-13.fc43.i686     100% |  30.4 MiB/s |   2.0 MiB |  00m00s
#6 23.21 [ 77/330] libnsl-0:2.42-13.fc43.x86_64  100% |   1.4 MiB/s |  84.6 KiB |  00m00s
#6 23.22 [ 78/330] libnsl-0:2.42-13.fc43.i686    100% |   1.4 MiB/s |  87.9 KiB |  00m00s
#6 23.22 [ 79/330] libatomic-0:15.2.1-7.fc43.x86 100% |   2.2 MiB/s |  47.8 KiB |  00m00s
#6 23.23 [ 80/330] libatomic-0:15.2.1-7.fc43.i68 100% |   2.3 MiB/s |  45.4 KiB |  00m00s
#6 23.24 [ 81/330] libpciaccess-0:0.16-16.fc43.i 100% |   1.4 MiB/s |  28.7 KiB |  00m00s
#6 23.25 [ 82/330] libdrm-0:2.4.134-1.fc43.i686  100% |   4.7 MiB/s | 177.4 KiB |  00m00s
#6 23.28 [ 83/330] nss-0:3.125.0-1.fc43.x86_64   100% |  14.1 MiB/s | 719.4 KiB |  00m00s
#6 23.29 [ 84/330] nss-softokn-0:3.125.0-1.fc43. 100% |   9.5 MiB/s | 437.7 KiB |  00m00s
#6 23.31 [ 85/330] nss-softokn-freebl-0:3.125.0- 100% |   6.8 MiB/s | 374.2 KiB |  00m00s
#6 23.31 [ 86/330] nss-sysinit-0:3.125.0-1.fc43. 100% | 677.1 KiB/s |  19.0 KiB |  00m00s
#6 23.34 [ 87/330] nss-0:3.125.0-1.fc43.i686     100% |  15.4 MiB/s | 773.7 KiB |  00m00s
#6 23.37 [ 88/330] nss-softokn-0:3.125.0-1.fc43. 100% |   7.8 MiB/s | 469.4 KiB |  00m00s
#6 23.37 [ 89/330] sqlite-libs-0:3.50.2-2.fc43.i 100% |  13.1 MiB/s | 803.3 KiB |  00m00s
#6 23.39 [ 90/330] nss-softokn-freebl-0:3.125.0- 100% |   7.2 MiB/s | 398.3 KiB |  00m00s
#6 23.44 [ 91/330] pipewire-libs-0:1.4.11-1.fc43 100% |  34.5 MiB/s |   2.5 MiB |  00m00s
#6 23.45 [ 92/330] avahi-libs-0:0.9~rc2-6.fc43.i 100% |   1.0 MiB/s |  75.4 KiB |  00m00s
#6 23.47 [ 93/330] fftw-libs-single-0:3.3.10-16. 100% |   7.1 MiB/s | 591.6 KiB |  00m00s
#6 23.48 [ 94/330] libebur128-0:1.2.6-14.fc43.i6 100% | 838.4 KiB/s |  26.0 KiB |  00m00s
#6 23.50 [ 95/330] liblc3-0:1.1.3-5.fc43.i686    100% |   1.8 MiB/s | 105.7 KiB |  00m00s
#6 23.51 [ 96/330] libldac-0:2.0.2.3-18.fc43.i68 100% |   1.3 MiB/s |  43.0 KiB |  00m00s
#6 23.51 [ 97/330] libsbc-0:2.0-7.fc43.i686      100% |   1.4 MiB/s |  45.1 KiB |  00m00s
#6 23.54 [ 98/330] libselinux-0:3.9-5.fc43.i686  100% |   2.8 MiB/s | 102.4 KiB |  00m00s
#6 23.55 [ 99/330] libsndfile-0:1.2.2-10.fc43.i6 100% |   6.6 MiB/s | 248.5 KiB |  00m00s
#6 23.55 [100/330] opus-0:1.5.2-3.fc43.i686      100% |   5.9 MiB/s | 240.6 KiB |  00m00s
#6 23.60 [101/330] webrtc-audio-processing-0:1.3 100% |  10.1 MiB/s | 571.6 KiB |  00m00s
#6 23.60 [102/330] libevent-0:2.1.12-16.fc43.i68 100% |   4.9 MiB/s | 275.7 KiB |  00m00s
#6 23.61 [103/330] libsepol-0:3.9-2.fc43.i686    100% |   6.0 MiB/s | 356.4 KiB |  00m00s
#6 23.62 [104/330] gsm-0:1.0.23-1.fc43.i686      100% |   1.9 MiB/s |  36.7 KiB |  00m00s
#6 23.64 [105/330] lame-libs-0:3.100-20.fc43.i68 100% |   9.1 MiB/s | 345.3 KiB |  00m00s
#6 23.65 [106/330] libvorbis-1:1.3.7-13.fc43.i68 100% |   5.2 MiB/s | 192.7 KiB |  00m00s
#6 23.65 [107/330] mpg123-libs-0:1.32.10-2.fc43. 100% |   9.8 MiB/s | 360.9 KiB |  00m00s
#6 23.67 [108/330] libasyncns-0:0.8-31.fc43.i686 100% |   1.6 MiB/s |  30.1 KiB |  00m00s
#6 23.67 [109/330] python3-0:3.14.6-1.fc43.x86_6 100% |   1.6 MiB/s |  28.8 KiB |  00m00s
#6 23.69 [110/330] pulseaudio-libs-0:17.0-9.fc43 100% |  16.4 MiB/s | 705.3 KiB |  00m00s
#6 23.70 [111/330] mpdecimal-0:4.0.1-2.fc43.x86_ 100% |   2.8 MiB/s |  97.1 KiB |  00m00s
#6 23.85 [112/330] python3-libs-0:3.14.6-1.fc43. 100% |  52.8 MiB/s |   9.9 MiB |  00m00s
#6 23.86 [113/330] steam-devices-0:1.0.0.101^git 100% |  76.2 KiB/s |  11.9 KiB |  00m00s
#6 23.87 [114/330] python-pip-wheel-0:25.1.1-18. 100% |   6.7 MiB/s |   1.2 MiB |  00m00s
#6 23.88 [115/330] libgudev-0:238-8.fc43.x86_64  100% |   1.7 MiB/s |  34.6 KiB |  00m00s
#6 23.90 [116/330] xdg-desktop-portal-0:1.20.4-1 100% |  13.3 MiB/s | 516.7 KiB |  00m00s
#6 23.94 [117/330] zenity-0:4.2.2-1.fc43.x86_64  100% |  38.1 MiB/s |   2.9 MiB |  00m00s
#6 24.05 [118/330] gtk4-0:4.20.4-1.fc43.x86_64   100% |  39.0 MiB/s |   6.4 MiB |  00m00s
#6 24.05 [119/330] adwaita-icon-theme-0:49.0-1.f 100% |   2.6 MiB/s | 403.9 KiB |  00m00s
#6 24.08 [120/330] cairo-0:1.18.4-2.fc43.x86_64  100% |   5.4 MiB/s | 729.3 KiB |  00m00s
#6 24.08 [121/330] cairo-gobject-0:1.18.4-2.fc43 100% | 513.0 KiB/s |  16.9 KiB |  00m00s
#6 24.10 [122/330] colord-libs-0:1.4.8-2.fc43.x8 100% |   4.8 MiB/s | 230.5 KiB |  00m00s
#6 24.10 [123/330] fribidi-0:1.0.16-3.fc43.x86_6 100% |   2.0 MiB/s |  53.3 KiB |  00m00s
#6 24.11 [124/330] graphene-0:1.10.8-2.fc43.x86_ 100% |   2.4 MiB/s |  61.3 KiB |  00m00s
#6 24.12 [125/330] libXrandr-0:1.5.4-6.fc43.x86_ 100% |   1.4 MiB/s |  27.6 KiB |  00m00s
#6 24.13 [126/330] hicolor-icon-theme-0:0.18-2.f 100% |   1.9 MiB/s |  65.9 KiB |  00m00s
#6 24.14 [127/330] libepoxy-0:1.5.10-11.fc43.x86 100% |   6.2 MiB/s | 229.5 KiB |  00m00s
#6 24.16 [128/330] adwaita-cursor-theme-0:49.0-1 100% |   9.8 MiB/s | 380.1 KiB |  00m00s
#6 24.20 [129/330] adwaita-icon-theme-legacy-0:4 100% |  35.4 MiB/s |   2.5 MiB |  00m00s
#6 24.21 [130/330] lzo-0:2.10-15.fc43.x86_64     100% |   1.0 MiB/s |  69.4 KiB |  00m00s
#6 24.23 [131/330] lcms2-0:2.16-6.fc43.x86_64    100% |   2.7 MiB/s | 182.8 KiB |  00m00s
#6 24.25 [132/330] libgusb-0:0.4.9-4.fc43.x86_64 100% |   1.6 MiB/s |  64.5 KiB |  00m00s
#6 24.26 [133/330] libadwaita-0:1.8.6-1.fc43.x86 100% |  13.8 MiB/s | 718.3 KiB |  00m00s
#6 24.28 [134/330] pango-0:1.57.1-1.fc43.x86_64  100% |   6.5 MiB/s | 358.0 KiB |  00m00s
#6 24.29 [135/330] libXft-0:2.3.8-9.fc43.x86_64  100% |   1.7 MiB/s |  72.2 KiB |  00m00s
#6 24.31 [136/330] libthai-0:0.1.29-11.fc43.x86_ 100% |   4.7 MiB/s | 210.3 KiB |  00m00s
#6 24.31 [137/330] dbus-1:1.16.2-1.fc43.x86_64   100% | 378.8 KiB/s |   7.2 KiB |  00m00s
#6 24.32 [138/330] libdatrie-0:0.2.13-12.fc43.x8 100% |   1.0 MiB/s |  32.0 KiB |  00m00s
#6 24.33 [139/330] fuse3-0:3.16.2-6.fc43.x86_64  100% |   3.0 MiB/s |  55.7 KiB |  00m00s
#6 24.35 [140/330] fuse3-libs-0:3.16.2-6.fc43.x8 100% |   2.7 MiB/s |  93.2 KiB |  00m00s
#6 24.36 [141/330] gdk-pixbuf2-0:2.44.6^really2. 100% |  12.2 MiB/s | 485.3 KiB |  00m00s
#6 24.37 [142/330] shared-mime-info-0:2.4-2.fc43 100% |   8.9 MiB/s | 399.7 KiB |  00m00s
#6 24.38 [143/330] geoclue2-0:2.8.2-1.fc43.x86_6 100% |   3.7 MiB/s | 147.8 KiB |  00m00s
#6 24.39 [144/330] avahi-glib-0:0.9~rc2-6.fc43.x 100% | 843.3 KiB/s |  15.2 KiB |  00m00s
#6 24.40 [145/330] ModemManager-glib-0:1.24.2-1. 100% |   8.2 MiB/s | 334.9 KiB |  00m00s
#6 24.44 [146/330] gstreamer1-0:1.26.11-1.fc43.x 100% |  28.6 MiB/s |   1.7 MiB |  00m00s
#6 24.45 [147/330] libunwind-0:1.8.1-3.fc43.x86_ 100% |   1.3 MiB/s |  76.5 KiB |  00m00s
#6 24.47 [148/330] gstreamer1-plugins-base-0:1.2 100% |  30.6 MiB/s |   2.3 MiB |  00m00s
#6 24.48 [149/330] cdparanoia-libs-0:10.2-48.fc4 100% |   1.5 MiB/s |  53.9 KiB |  00m00s
#6 24.52 [150/330] libXv-0:1.0.13-3.fc43.x86_64  100% | 403.8 KiB/s |  18.6 KiB |  00m00s
#6 24.56 [151/330] iso-codes-0:4.18.0-2.fc43.noa 100% |  33.7 MiB/s |   3.7 MiB |  00m00s
#6 24.57 [152/330] libtheora-1:1.1.1-40.fc43.x86 100% |   1.8 MiB/s | 170.3 KiB |  00m00s
#6 24.58 [153/330] libvisual-1:0.4.2-3.fc43.x86_ 100% |   2.7 MiB/s | 153.2 KiB |  00m00s
#6 24.60 [154/330] orc-0:0.4.41-2.fc43.x86_64    100% |   5.4 MiB/s | 221.5 KiB |  00m00s
#6 24.61 [155/330] json-glib-0:1.10.8-4.fc43.x86 100% |   4.7 MiB/s | 172.7 KiB |  00m00s
#6 24.61 [156/330] dbus-libs-1:1.16.2-1.fc43.i68 100% |   4.2 MiB/s | 159.9 KiB |  00m00s
#6 24.64 [157/330] systemd-libs-0:258.9-1.fc43.i 100% |  19.5 MiB/s | 877.3 KiB |  00m00s
#6 24.65 [158/330] alsa-lib-0:1.2.16.1-1.fc43.i6 100% |  12.2 MiB/s | 587.0 KiB |  00m00s
#6 24.66 [159/330] bluez-libs-0:5.87-2.fc43.i686 100% |   1.9 MiB/s |  85.7 KiB |  00m00s
#6 24.72 [160/330] glib2-0:2.86.5-1.fc43.i686    100% |  40.8 MiB/s |   3.2 MiB |  00m00s
#6 24.73 [161/330] pcre2-0:10.47-1.fc43.i686     100% |   3.4 MiB/s | 263.6 KiB |  00m00s
#6 24.73 [162/330] libgcc-0:15.2.1-7.fc43.i686   100% |   2.1 MiB/s | 154.2 KiB |  00m00s
#6 24.77 [163/330] libstdc++-0:15.2.1-7.fc43.i68 100% |  21.0 MiB/s | 988.8 KiB |  00m00s
#6 24.77 [164/330] libusb1-0:1.0.30-1.fc43.i686  100% |   1.8 MiB/s |  84.3 KiB |  00m00s
#6 24.96 [165/330] openssl-libs-1:3.5.7-1.fc43.i 100% |  11.7 MiB/s |   2.6 MiB |  00m00s
#6 25.05 [166/330] graphite2-0:1.3.14-19.fc43.x8 100% | 345.1 KiB/s |  95.6 KiB |  00m00s
#6 25.06 [167/330] harfbuzz-0:11.5.1-2.fc43.x86_ 100% |   3.8 MiB/s |   1.1 MiB |  00m00s
#6 ...

#10 [bwrap-builder 5/5] RUN git clone https://github.com/containers/bubblewrap.git     && cd bubblewrap     && ./ci/builddeps.sh     && patch -p1 < /build/ignore-capabilities.patch     && meson setup build --buildtype=release     && meson compile -C build
#10 13.17 Repositories loaded.
#10 14.21 Package "gcc-15.2.1-7.fc43.x86_64" is already installed.
#10 14.21 Package "git-2.55.0-1.fc43.x86_64" is already installed.
#10 14.21 Package "make-1:4.4.1-11.fc43.x86_64" is already installed.
#10 14.21 Package "meson-1.8.5-3.fc43.noarch" is already installed.
#10 14.21 
#10 14.21 Package                            Arch   Version         Repository      Size
#10 14.21 Installing:
#10 14.21  docbook-style-xsl                 noarch 1.79.2-25.fc43  fedora      15.6 MiB
#10 14.21  elfutils                          x86_64 0.195-1.fc43    updates      2.9 MiB
#10 14.21  libasan                           x86_64 15.2.1-7.fc43   updates      1.8 MiB
#10 14.21  libcap-devel                      x86_64 2.76-4.fc43     updates     37.5 KiB
#10 14.21  libselinux-devel                  x86_64 3.9-5.fc43      fedora     127.3 KiB
#10 14.21  libtool                           x86_64 2.5.4-8.fc43    updates      2.7 MiB
#10 14.21  libtsan                           x86_64 15.2.1-7.fc43   updates      1.3 MiB
#10 14.21  libubsan                          x86_64 15.2.1-7.fc43   updates    479.6 KiB
#10 14.21  libxslt                           x86_64 1.1.43-5.fc43   fedora     460.1 KiB
#10 14.21  redhat-rpm-config                 noarch 343-14.fc43     updates    182.9 KiB
#10 14.21  rsync                             x86_64 3.4.4-1.fc43    updates    796.0 KiB
#10 14.21 Installing dependencies:
#10 14.21  add-determinism                   x86_64 0.6.0-3.fc43    updates      2.3 MiB
#10 14.21  annobin-docs                      noarch 12.99-1.fc43    fedora      98.9 KiB
#10 14.21  annobin-plugin-gcc                x86_64 12.99-1.fc43    fedora       1.0 MiB
#10 14.21  ansible-srpm-macros               noarch 1-18.1.fc43     fedora      35.7 KiB
#10 14.21  autoconf                          noarch 2.72-7.fc43     fedora       2.8 MiB
#10 14.21  automake                          noarch 1.18.1-2.fc43   fedora       1.8 MiB
#10 14.21  build-reproducibility-srpm-macros noarch 0.6.0-3.fc43    updates    735.0   B
#10 14.21  cmake-srpm-macros                 noarch 3.31.11-1.fc43  updates    524.0   B
#10 14.21  diffutils                         x86_64 3.12-3.fc43     fedora       1.6 MiB
#10 14.21  docbook-dtds                      noarch 1.0-89.fc43     fedora       8.3 MiB
#10 14.21  dwz                               x86_64 0.16-2.fc43     fedora     287.1 KiB
#10 14.21  efi-srpm-macros                   noarch 6-4.fc43        fedora      40.1 KiB
#10 14.21  emacs-filesystem                  noarch 1:30.0-5.fc43   fedora       0.0   B
#10 14.21  file                              x86_64 5.46-9.fc43     updates    100.2 KiB
#10 14.21  filesystem-srpm-macros            noarch 3.18-50.fc43    fedora      38.2 KiB
#10 14.21  fonts-srpm-macros                 noarch 1:2.0.5-23.fc43 fedora      55.8 KiB
#10 14.21  forge-srpm-macros                 noarch 0.4.0-3.fc43    fedora      38.9 KiB
#10 14.21  fpc-srpm-macros                   noarch 1.3-15.fc43     fedora     144.0   B
#10 14.21  gap-srpm-macros                   noarch 2-1.fc43        fedora       2.1 KiB
#10 14.21  gcc-plugin-annobin                x86_64 15.2.1-7.fc43   updates     57.2 KiB
#10 14.21  gettext                           x86_64 0.25.1-2.fc43   fedora      12.9 MiB
#10 14.21  gettext-common-devel              noarch 0.25.1-2.fc43   fedora     592.5 KiB
#10 14.21  gettext-devel                     x86_64 0.25.1-2.fc43   fedora       1.3 MiB
#10 14.21  gettext-envsubst                  x86_64 0.25.1-2.fc43   fedora      74.8 KiB
#10 14.21  gettext-libs                      x86_64 0.25.1-2.fc43   fedora       2.2 MiB
#10 14.21  gettext-runtime                   x86_64 0.25.1-2.fc43   fedora     444.2 KiB
#10 14.21  ghc-srpm-macros                   noarch 1.9.2-3.fc43    fedora     779.0   B
#10 14.21  glibc-gconv-extra                 x86_64 2.42-13.fc43    updates      7.2 MiB
#10 14.21  gnat-srpm-macros                  noarch 7-1.fc43        updates      1.0 KiB
#10 14.21  gnome-srpm-macros                 noarch 1.0-1.fc43      updates      3.5 KiB
#10 14.21  go-srpm-macros                    noarch 3.8.0-1.fc43    fedora      61.9 KiB
#10 14.21  gpgverify                         noarch 2.2-3.fc43      fedora       8.7 KiB
#10 14.21  java-srpm-macros                  noarch 1-7.fc43        fedora     870.0   B
#10 14.21  kernel-srpm-macros                noarch 1.0-27.fc43     fedora       1.9 KiB
#10 14.21  libsepol-devel                    x86_64 3.9-2.fc43      fedora     121.4 KiB
#10 14.21  libtextstyle                      x86_64 0.25.1-2.fc43   fedora     199.5 KiB
#10 14.21  lua-srpm-macros                   noarch 1-16.fc43       fedora       1.3 KiB
#10 14.21  m4                                x86_64 1.4.21-1.fc43   updates    877.2 KiB
#10 14.21  ocaml-srpm-macros                 noarch 11-2.fc43       fedora       1.9 KiB
#10 14.21  openblas-srpm-macros              noarch 2-20.fc43       fedora     112.0   B
#10 14.21  package-notes-srpm-macros         noarch 0.20-1.fc43     updates      1.6 KiB
#10 14.21  pcre2-devel                       x86_64 10.47-1.fc43    updates      2.1 MiB
#10 14.21  pcre2-utf16                       x86_64 10.47-1.fc43    updates    639.2 KiB
#10 14.21  pcre2-utf32                       x86_64 10.47-1.fc43    updates    611.1 KiB
#10 14.21  perl-Thread-Queue                 noarch 3.14-520.fc43   fedora      28.9 KiB
#10 14.21  perl-srpm-macros                  noarch 1-60.fc43       fedora     861.0   B
#10 14.21  perl-threads                      x86_64 1:2.43-520.fc43 fedora     115.1 KiB
#10 14.21  perl-threads-shared               x86_64 1.70-520.fc43   fedora      83.6 KiB
#10 14.21  pyproject-srpm-macros             noarch 1.22.2-1.fc43   updates      3.2 KiB
#10 14.21  python-srpm-macros                noarch 3.14-5.fc43     fedora      51.5 KiB
#10 14.21  qt5-srpm-macros                   noarch 5.15.18-1.fc43  updates    500.0   B
#10 14.21  qt6-srpm-macros                   noarch 6.10.3-1.fc43   updates    472.0   B
#10 14.21  rust-srpm-macros                  noarch 28.4-1.fc43     updates      5.5 KiB
#10 14.21  sgml-common                       noarch 0.6.3-67.fc43   fedora     168.1 KiB
#10 14.21  tree-sitter-srpm-macros           noarch 0.4.2-1.fc43    fedora       8.3 KiB
#10 14.21  unzip                             x86_64 6.0-67.fc43     fedora     386.3 KiB
#10 14.21  xml-common                        noarch 0.6.3-67.fc43   fedora      78.4 KiB
#10 14.21  xxhash-libs                       x86_64 0.8.3-3.fc43    fedora      90.2 KiB
#10 14.21  zig-srpm-macros                   noarch 1-5.fc43        fedora       1.1 KiB
#10 14.21  zip                               x86_64 3.0-44.fc43     fedora     694.5 KiB
#10 14.21 
#10 14.21 Transaction Summary:
#10 14.21  Installing:        71 packages
#10 14.21 
#10 14.21 Total size of inbound packages is 17 MiB. Need to download 17 MiB.
#10 14.21 After this operation, 76 MiB extra will be used (install 76 MiB, remove 0 B).
#10 14.28 [ 1/71] xml-common-0:0.6.3-67.fc43.noar 100% | 492.8 KiB/s |  31.0 KiB |  00m00s
#10 14.31 [ 2/71] sgml-common-0:0.6.3-67.fc43.noa 100% |   1.9 MiB/s |  60.5 KiB |  00m00s
#10 14.32 [ 3/71] docbook-dtds-0:1.0-89.fc43.noar 100% |   3.2 MiB/s | 334.8 KiB |  00m00s
#10 14.34 [ 4/71] libsepol-devel-0:3.9-2.fc43.x86 100% |   2.5 MiB/s |  48.4 KiB |  00m00s
#10 14.35 [ 5/71] libselinux-devel-0:3.9-5.fc43.x 100% |   3.8 MiB/s | 152.1 KiB |  00m00s
#10 14.36 [ 6/71] docbook-style-xsl-0:1.79.2-25.f 100% |  10.4 MiB/s |   1.5 MiB |  00m00s
#10 14.44 [ 7/71] libcap-devel-0:2.76-4.fc43.x86_ 100% | 765.6 KiB/s |  60.5 KiB |  00m00s
#10 14.47 [ 8/71] elfutils-0:0.195-1.fc43.x86_64  100% |   4.2 MiB/s | 578.2 KiB |  00m00s
#10 14.48 [ 9/71] libasan-0:15.2.1-7.fc43.x86_64  100% |   4.1 MiB/s | 535.7 KiB |  00m00s
#10 14.51 [10/71] autoconf-0:2.72-7.fc43.noarch   100% |  23.2 MiB/s | 830.6 KiB |  00m00s
#10 14.51 [11/71] libtool-0:2.5.4-8.fc43.x86_64   100% |   8.7 MiB/s | 621.4 KiB |  00m00s
#10 14.53 [12/71] emacs-filesystem-1:30.0-5.fc43. 100% | 468.0 KiB/s |   7.5 KiB |  00m00s
#10 14.53 [13/71] automake-0:1.18.1-2.fc43.noarch 100% |  13.9 MiB/s | 723.5 KiB |  00m00s
#10 14.53 [14/71] perl-Thread-Queue-0:3.14-520.fc 100% |   1.0 MiB/s |  21.3 KiB |  00m00s
#10 14.55 [15/71] perl-threads-1:2.43-520.fc43.x8 100% |   3.0 MiB/s |  57.9 KiB |  00m00s
#10 14.55 [16/71] perl-threads-shared-0:1.70-520. 100% |   2.2 MiB/s |  44.4 KiB |  00m00s
#10 14.57 [17/71] libxslt-0:1.1.43-5.fc43.x86_64  100% |   8.2 MiB/s | 184.4 KiB |  00m00s
#10 14.65 [18/71] libtsan-0:15.2.1-7.fc43.x86_64  100% |   4.0 MiB/s | 466.6 KiB |  00m00s
#10 14.66 [19/71] libubsan-0:15.2.1-7.fc43.x86_64 100% |   2.0 MiB/s | 235.5 KiB |  00m00s
#10 14.68 [20/71] redhat-rpm-config-0:343-14.fc43 100% | 692.1 KiB/s |  76.1 KiB |  00m00s
#10 14.69 [21/71] gcc-plugin-annobin-0:15.2.1-7.f 100% |   2.4 MiB/s |  60.8 KiB |  00m00s
#10 14.70 [22/71] ansible-srpm-macros-0:1-18.1.fc 100% |   1.2 MiB/s |  19.9 KiB |  00m00s
#10 14.71 [23/71] annobin-plugin-gcc-0:12.99-1.fc 100% |  15.9 MiB/s | 996.0 KiB |  00m00s
#10 14.72 [24/71] dwz-0:0.16-2.fc43.x86_64        100% |   4.6 MiB/s | 135.5 KiB |  00m00s
#10 14.73 [25/71] efi-srpm-macros-0:6-4.fc43.noar 100% | 933.0 KiB/s |  22.4 KiB |  00m00s
#10 14.73 [26/71] filesystem-srpm-macros-0:3.18-5 100% |   1.1 MiB/s |  26.4 KiB |  00m00s
#10 14.74 [27/71] fonts-srpm-macros-1:2.0.5-23.fc 100% |   1.4 MiB/s |  27.2 KiB |  00m00s
#10 14.74 [28/71] forge-srpm-macros-0:0.4.0-3.fc4 100% |   1.1 MiB/s |  20.1 KiB |  00m00s
#10 14.75 [29/71] fpc-srpm-macros-0:1.3-15.fc43.n 100% | 464.2 KiB/s |   7.9 KiB |  00m00s
#10 14.76 [30/71] gap-srpm-macros-0:2-1.fc43.noar 100% | 427.0 KiB/s |   9.0 KiB |  00m00s
#10 14.77 [31/71] ghc-srpm-macros-0:1.9.2-3.fc43. 100% | 397.5 KiB/s |   8.7 KiB |  00m00s
#10 14.78 [32/71] go-srpm-macros-0:3.8.0-1.fc43.n 100% |   1.1 MiB/s |  28.3 KiB |  00m00s
#10 14.78 [33/71] java-srpm-macros-0:1-7.fc43.noa 100% | 397.2 KiB/s |   7.9 KiB |  00m00s
#10 14.78 [34/71] kernel-srpm-macros-0:1.0-27.fc4 100% | 594.7 KiB/s |   8.9 KiB |  00m00s
#10 14.79 [35/71] lua-srpm-macros-0:1-16.fc43.noa 100% | 583.8 KiB/s |   8.8 KiB |  00m00s
#10 14.79 [36/71] ocaml-srpm-macros-0:11-2.fc43.n 100% | 617.4 KiB/s |   9.3 KiB |  00m00s
#10 14.80 [37/71] openblas-srpm-macros-0:2-20.fc4 100% | 506.3 KiB/s |   7.6 KiB |  00m00s
#10 14.81 [38/71] perl-srpm-macros-0:1-60.fc43.no 100% | 518.1 KiB/s |   8.3 KiB |  00m00s
#10 14.81 [39/71] python-srpm-macros-0:3.14-5.fc4 100% |   1.3 MiB/s |  23.4 KiB |  00m00s
#10 14.82 [40/71] tree-sitter-srpm-macros-0:0.4.2 100% | 785.3 KiB/s |  13.4 KiB |  00m00s
#10 14.83 [41/71] zig-srpm-macros-0:1-5.fc43.noar 100% | 383.4 KiB/s |   8.4 KiB |  00m00s
#10 14.84 [42/71] zip-0:3.0-44.fc43.x86_64        100% |  10.2 MiB/s | 261.6 KiB |  00m00s
#10 14.84 [43/71] cmake-srpm-macros-0:3.31.11-1.f 100% | 365.1 KiB/s |   9.9 KiB |  00m00s
#10 14.85 [44/71] gnome-srpm-macros-0:1.0-1.fc43. 100% | 478.4 KiB/s |   8.6 KiB |  00m00s
#10 14.86 [45/71] annobin-docs-0:12.99-1.fc43.noa 100% |   5.1 MiB/s |  89.5 KiB |  00m00s
#10 14.87 [46/71] unzip-0:6.0-67.fc43.x86_64      100% |   7.5 MiB/s | 183.7 KiB |  00m00s
#10 14.88 [47/71] xxhash-libs-0:0.8.3-3.fc43.x86_ 100% |   1.8 MiB/s |  38.5 KiB |  00m00s
#10 14.90 [48/71] rsync-0:3.4.4-1.fc43.x86_64     100% |   9.2 MiB/s | 432.2 KiB |  00m00s
#10 14.90 [49/71] build-reproducibility-srpm-macr 100% | 397.7 KiB/s |  11.9 KiB |  00m00s
#10 14.94 [50/71] add-determinism-0:0.6.0-3.fc43. 100% |  15.0 MiB/s | 893.7 KiB |  00m00s
#10 14.94 [51/71] file-0:5.46-9.fc43.x86_64       100% |   1.2 MiB/s |  48.5 KiB |  00m00s
#10 14.94 [52/71] gnat-srpm-macros-0:7-1.fc43.noa 100% | 192.4 KiB/s |   8.7 KiB |  00m00s
#10 14.96 [53/71] package-notes-srpm-macros-0:0.2 100% | 547.4 KiB/s |   9.9 KiB |  00m00s
#10 14.96 [54/71] pyproject-srpm-macros-0:1.22.2- 100% | 862.8 KiB/s |  15.5 KiB |  00m00s
#10 14.97 [55/71] qt5-srpm-macros-0:5.15.18-1.fc4 100% | 391.0 KiB/s |   8.6 KiB |  00m00s
#10 14.98 [56/71] qt6-srpm-macros-0:6.10.3-1.fc43 100% | 480.9 KiB/s |   9.1 KiB |  00m00s
#10 14.98 [57/71] rust-srpm-macros-0:28.4-1.fc43. 100% | 542.4 KiB/s |  10.8 KiB |  00m00s
#10 15.01 [58/71] pcre2-devel-0:10.47-1.fc43.x86_ 100% |  11.7 MiB/s | 550.9 KiB |  00m00s
#10 15.02 [59/71] pcre2-utf16-0:10.47-1.fc43.x86_ 100% |   5.7 MiB/s | 246.1 KiB |  00m00s
#10 15.03 [60/71] pcre2-utf32-0:10.47-1.fc43.x86_ 100% |   4.8 MiB/s | 232.9 KiB |  00m00s
#10 15.04 [61/71] gettext-devel-0:0.25.1-2.fc43.x 100% |  11.5 MiB/s | 282.1 KiB |  00m00s
#10 15.05 [62/71] diffutils-0:3.12-3.fc43.x86_64  100% |  13.2 MiB/s | 392.3 KiB |  00m00s
#10 15.07 [63/71] gettext-common-devel-0:0.25.1-2 100% |  18.4 MiB/s | 601.7 KiB |  00m00s
#10 15.09 [64/71] gettext-libs-0:0.25.1-2.fc43.x8 100% |  16.4 MiB/s | 791.3 KiB |  00m00s
#10 15.10 [65/71] gettext-runtime-0:0.25.1-2.fc43 100% |   4.2 MiB/s | 116.3 KiB |  00m00s
#10 15.11 [66/71] gettext-0:0.25.1-2.fc43.x86_64  100% |  21.1 MiB/s |   1.6 MiB |  00m00s
#10 15.11 [67/71] libtextstyle-0:0.25.1-2.fc43.x8 100% |   5.0 MiB/s |  91.8 KiB |  00m00s
#10 15.12 [68/71] gettext-envsubst-0:0.25.1-2.fc4 100% |   2.0 MiB/s |  37.7 KiB |  00m00s
#10 15.14 [69/71] gpgverify-0:2.2-3.fc43.noarch   100% | 584.4 KiB/s |  11.1 KiB |  00m00s
#10 15.15 [70/71] m4-0:1.4.21-1.fc43.x86_64       100% |   8.4 MiB/s | 343.9 KiB |  00m00s
#10 15.20 [71/71] glibc-gconv-extra-0:2.42-13.fc4 100% |  17.6 MiB/s |   1.6 MiB |  00m00s
#10 15.20 --------------------------------------------------------------------------------
#10 15.20 [71/71] Total                           100% |  16.9 MiB/s |  16.7 MiB |  00m01s
#10 15.20 Running transaction
#10 15.43 [ 1/73] Verify package files            100% |   2.1 KiB/s |  71.0   B |  00m00s
#10 15.43 [ 2/73] Prepare transaction             100% |   2.9 KiB/s |  71.0   B |  00m00s
#10 15.45 [ 3/73] Installing libtextstyle-0:0.25. 100% |  12.2 MiB/s | 200.3 KiB |  00m00s
#10 15.46 [ 4/73] Installing gettext-libs-0:0.25. 100% | 219.5 MiB/s |   2.2 MiB |  00m00s
#10 15.47 [ 5/73] Installing perl-threads-1:2.43- 100% |  10.4 MiB/s | 117.1 KiB |  00m00s
#10 15.48 [ 6/73] Installing xml-common-0:0.6.3-6 100% |  19.8 MiB/s |  81.1 KiB |  00m00s
#10 15.48 [ 7/73] Installing perl-threads-shared- 100% |  21.0 MiB/s |  85.9 KiB |  00m00s
#10 15.48 [ 8/73] Installing perl-Thread-Queue-0: 100% |   7.4 MiB/s |  30.4 KiB |  00m00s
#10 15.49 [ 9/73] Installing gpgverify-0:2.2-3.fc 100% |   3.1 MiB/s |   9.4 KiB |  00m00s
#10 15.50 [10/73] Installing m4-0:1.4.21-1.fc43.x 100% |  71.9 MiB/s | 883.7 KiB |  00m00s
#10 15.51 [11/73] Installing gettext-envsubst-0:0 100% |   5.3 MiB/s |  76.1 KiB |  00m00s
#10 15.54 [12/73] Installing gettext-runtime-0:0. 100% |  34.1 MiB/s | 453.6 KiB |  00m00s
#10 15.56 [13/73] Installing gettext-0:0.25.1-2.f 100% | 462.0 MiB/s |  12.9 MiB |  00m00s
#10 15.56 [14/73] Installing gettext-common-devel 100% | 144.7 MiB/s | 592.8 KiB |  00m00s
#10 15.58 [15/73] Installing diffutils-0:3.12-3.f 100% |  97.6 MiB/s |   1.6 MiB |  00m00s
#10 15.59 [16/73] Installing gettext-devel-0:0.25 100% |  86.9 MiB/s |   1.3 MiB |  00m00s
#10 15.60 [17/73] Installing pcre2-utf32-0:10.47- 100% | 119.5 MiB/s | 611.9 KiB |  00m00s
#10 15.61 [18/73] Installing pcre2-utf16-0:10.47- 100% |  89.3 MiB/s | 640.0 KiB |  00m00s
#10 15.62 [19/73] Installing pcre2-devel-0:10.47- 100% | 176.6 MiB/s |   2.1 MiB |  00m00s
#10 15.62 [20/73] Installing rust-srpm-macros-0:2 100% |   1.6 MiB/s |   6.4 KiB |  00m00s
#10 15.63 [21/73] Installing qt6-srpm-macros-0:6. 100% | 146.1 KiB/s | 748.0   B |  00m00s
#10 15.63 [22/73] Installing qt5-srpm-macros-0:5. 100% | 378.9 KiB/s | 776.0   B |  00m00s
#10 15.64 [23/73] Installing pyproject-srpm-macro 100% | 476.1 KiB/s |   3.8 KiB |  00m00s
#10 15.65 [24/73] Installing package-notes-srpm-m 100% | 257.8 KiB/s |   2.1 KiB |  00m00s
#10 15.65 [25/73] Installing gnat-srpm-macros-0:7 100% | 316.4 KiB/s |   1.3 KiB |  00m00s
#10 15.67 [26/73] Installing file-0:5.46-9.fc43.x 100% |   8.3 MiB/s | 101.7 KiB |  00m00s
#10 15.68 [27/73] Installing add-determinism-0:0. 100% | 177.1 MiB/s |   2.3 MiB |  00m00s
#10 15.68 [28/73] Installing build-reproducibilit 100% | 333.3 KiB/s |   1.0 KiB |  00m00s
#10 15.69 [29/73] Installing xxhash-libs-0:0.8.3- 100% |  22.4 MiB/s |  91.6 KiB |  00m00s
#10 15.70 [30/73] Installing unzip-0:6.0-67.fc43. 100% |  38.1 MiB/s | 389.8 KiB |  00m00s
#10 15.71 [31/73] Installing zip-0:3.0-44.fc43.x8 100% |  48.7 MiB/s | 698.4 KiB |  00m00s
#10 15.72 [32/73] Installing annobin-docs-0:12.99 100% |  24.4 MiB/s | 100.1 KiB |  00m00s
#10 15.72 [33/73] Installing annobin-plugin-gcc-0 100% | 246.8 MiB/s |   1.0 MiB |  00m00s
#10 15.72 [34/73] Installing gnome-srpm-macros-0: 100% |   1.3 MiB/s |   4.1 KiB |  00m00s
#10 15.73 [35/73] Installing cmake-srpm-macros-0: 100% | 261.7 KiB/s | 804.0   B |  00m00s
#10 15.73 [36/73] Installing zig-srpm-macros-0:1- 100% | 332.8 KiB/s |   1.7 KiB |  00m00s
#10 15.73 [37/73] Installing tree-sitter-srpm-mac 100% |   3.0 MiB/s |   9.3 KiB |  00m00s
#10 15.74 [38/73] Installing perl-srpm-macros-0:1 100% | 371.1 KiB/s |   1.1 KiB |  00m00s
#10 15.74 [39/73] Installing openblas-srpm-macros 100% |  95.7 KiB/s | 392.0   B |  00m00s
#10 15.75 [40/73] Installing ocaml-srpm-macros-0: 100% | 536.1 KiB/s |   2.1 KiB |  00m00s
#10 15.75 [41/73] Installing lua-srpm-macros-0:1- 100% | 475.6 KiB/s |   1.9 KiB |  00m00s
#10 15.76 [42/73] Installing kernel-srpm-macros-0 100% | 582.0 KiB/s |   2.3 KiB |  00m00s
#10 15.76 [43/73] Installing java-srpm-macros-0:1 100% | 224.2 KiB/s |   1.1 KiB |  00m00s
#10 15.77 [44/73] Installing ghc-srpm-macros-0:1. 100% | 128.9 KiB/s |   1.0 KiB |  00m00s
#10 15.78 [45/73] Installing gap-srpm-macros-0:2- 100% | 337.4 KiB/s |   2.7 KiB |  00m00s
#10 15.78 [46/73] Installing fpc-srpm-macros-0:1. 100% | 102.5 KiB/s | 420.0   B |  00m00s
#10 15.79 [47/73] Installing filesystem-srpm-macr 100% |   9.5 MiB/s |  38.9 KiB |  00m00s
#10 15.79 [48/73] Installing efi-srpm-macros-0:6- 100% |  13.4 MiB/s |  41.1 KiB |  00m00s
#10 15.80 [49/73] Installing dwz-0:0.16-2.fc43.x8 100% |  21.7 MiB/s | 288.5 KiB |  00m00s
#10 15.81 [50/73] Installing ansible-srpm-macros- 100% |   7.1 MiB/s |  36.2 KiB |  00m00s
#10 15.81 [51/73] Installing gcc-plugin-annobin-0 100% |  19.1 MiB/s |  58.8 KiB |  00m00s
#10 15.83 [52/73] Installing redhat-rpm-config-0: 100% |  10.3 MiB/s | 189.1 KiB |  00m00s
#10 15.84 [53/73] Installing forge-srpm-macros-0: 100% |   7.9 MiB/s |  40.3 KiB |  00m00s
#10 15.84 [54/73] Installing fonts-srpm-macros-1: 100% |  11.1 MiB/s |  57.0 KiB |  00m00s
#10 15.85 [55/73] Installing go-srpm-macros-0:3.8 100% |  10.3 MiB/s |  63.0 KiB |  00m00s
#10 15.86 [56/73] Installing python-srpm-macros-0 100% |  10.3 MiB/s |  52.8 KiB |  00m00s
#10 15.87 [57/73] Installing emacs-filesystem-1:3 100% |  88.5 KiB/s | 544.0   B |  00m00s
#10 15.89 [58/73] Installing autoconf-0:2.72-7.fc 100% | 107.8 MiB/s |   2.8 MiB |  00m00s
#10 15.91 [59/73] Installing automake-0:1.18.1-2. 100% |  70.6 MiB/s |   1.8 MiB |  00m00s
#10 15.92 [60/73] Installing libsepol-devel-0:3.9 100% |  31.5 MiB/s | 128.9 KiB |  00m00s
#10 15.94 [61/73] Installing sgml-common-0:0.6.3- 100% |  17.1 MiB/s | 174.9 KiB |  00m00s
#10 16.05 [62/73] Installing docbook-dtds-0:1.0-8 100% |  66.6 MiB/s |   8.3 MiB |  00m00s
#10 16.15 [63/73] Installing docbook-style-xsl-0: 100% | 174.3 MiB/s |  15.9 MiB |  00m00s
#10 16.15 [64/73] Installing libselinux-devel-0:3 100% |  26.4 MiB/s | 162.1 KiB |  00m00s
#10 16.17 [65/73] Installing libtool-0:2.5.4-8.fc 100% | 183.1 MiB/s |   2.7 MiB |  00m00s
#10 16.20 [66/73] Installing rsync-0:3.4.4-1.fc43 100% |  60.2 MiB/s | 801.6 KiB |  00m00s
#10 16.22 [67/73] Installing glibc-gconv-extra-0: 100% | 227.5 MiB/s |   7.3 MiB |  00m00s
#10 16.23 [68/73] Installing libxslt-0:1.1.43-5.f 100% |  30.2 MiB/s | 463.2 KiB |  00m00s
#10 16.24 [69/73] Installing libubsan-0:15.2.1-7. 100% |  46.9 MiB/s | 480.3 KiB |  00m00s
#10 16.25 [70/73] Installing libtsan-0:15.2.1-7.f 100% | 218.7 MiB/s |   1.3 MiB |  00m00s
#10 16.25 [71/73] Installing libcap-devel-0:2.76- 100% |  12.2 MiB/s |  49.8 KiB |  00m00s
#10 16.27 [72/73] Installing libasan-0:15.2.1-7.f 100% | 196.4 MiB/s |   1.8 MiB |  00m00s
#10 16.46 [73/73] Installing elfutils-0:0.195-1.f 100% |  14.8 MiB/s |   2.9 MiB |  00m00s
#10 16.46 Complete!
#10 16.48 + '[' -n '' ']'
#10 16.48 + exit 0
#10 16.48 patching file bubblewrap.c
#10 16.48 Hunk #1 succeeded at 794 with fuzz 2 (offset -74 lines).
#10 16.86 The Meson build system
#10 16.86 Version: 1.8.5
#10 16.86 Source dir: /build/bubblewrap
#10 16.86 Build dir: /build/bubblewrap/build
#10 16.86 Build type: native build
#10 16.86 Project name: bubblewrap
#10 16.86 Project version: 0.12.0
#10 16.86 C compiler for the host machine: cc (gcc 15.2.1 "cc (GCC) 15.2.1 20260123 (Red Hat 15.2.1-7)")
#10 16.86 C linker for the host machine: cc ld.bfd 2.45.1-4
#10 16.86 Host machine cpu family: x86_64
#10 16.86 Host machine cpu: x86_64
#10 16.86 Compiler for C supports arguments -Werror=shadow: YES 
#10 16.86 Compiler for C supports arguments -Werror=empty-body: YES 
#10 16.86 Compiler for C supports arguments -Werror=strict-prototypes: YES 
#10 16.86 Compiler for C supports arguments -Werror=missing-prototypes: YES 
#10 16.86 Compiler for C supports arguments -Werror=implicit-function-declaration: YES 
#10 16.86 Compiler for C supports arguments -Werror=pointer-arith: YES 
#10 16.86 Compiler for C supports arguments -Werror=init-self: YES 
#10 16.86 Compiler for C supports arguments -Werror=missing-declarations: YES 
#10 16.86 Compiler for C supports arguments -Werror=return-type: YES 
#10 16.86 Compiler for C supports arguments -Werror=overflow: YES 
#10 16.86 Compiler for C supports arguments -Werror=int-conversion: YES 
#10 16.86 Compiler for C supports arguments -Werror=parenthesis: NO 
#10 16.86 Compiler for C supports arguments -Werror=incompatible-pointer-types: YES 
#10 16.86 Compiler for C supports arguments -Werror=misleading-indentation: YES 
#10 16.86 Compiler for C supports arguments -Werror=missing-include-dirs: YES 
#10 16.86 Compiler for C supports arguments -Werror=aggregate-return: YES 
#10 16.86 Compiler for C supports arguments -Werror=switch-default: YES 
#10 16.86 Compiler for C supports arguments -Wswitch-enum: YES 
#10 16.86 Compiler for C supports arguments -Wno-missing-field-initializers: YES 
#10 16.86 Compiler for C supports arguments -Wno-error=missing-field-initializers: YES 
#10 16.86 Compiler for C supports arguments -Werror=format=2: YES 
#10 16.86 Compiler for C supports arguments -Werror=format-security: NO 
#10 16.86 Program bash found: YES (/usr/bin/bash)
#10 16.86 Program python3 found: YES (/usr/bin/python3)
#10 16.86 Found pkg-config: YES (/usr/bin/pkg-config) 2.3.0
#10 16.86 Run-time dependency libcap found: YES 2.76
#10 16.86 Run-time dependency libselinux found: YES 3.9
#10 16.86 Configuring config.h using configuration
#10 16.86 Program xsltproc found: YES (/usr/bin/xsltproc)
#10 16.86 Message: Docbook XSL found, man page enabled
#10 16.86 Did not find CMake 'cmake'
#10 16.86 Found CMake: NO
#10 16.86 Run-time dependency bash-completion found: NO (tried pkgconfig and cmake)
#10 16.86 Build targets in project: 4
#10 16.86 
#10 16.86 bubblewrap 0.12.0
#10 16.86 
#10 16.86   User defined options
#10 16.86     buildtype: release
#10 16.86 
#10 16.86 Found ninja-1.13.1 at /usr/bin/ninja
#10 16.98 ninja: Entering directory `/build/bubblewrap/build'
#10 17.01 [1/11] Compiling C object tests/try-syscall.p/try-syscall.c.o
#10 17.01 [2/11] Linking target tests/try-syscall
#10 17.02 [3/11] Compiling C object tests/test-utils.p/test-utils.c.o
#10 17.02 [4/11] Compiling C object bwrap.p/network.c.o
#10 17.06 [5/11] Generating bwrap.1 with a custom command
#10 17.06 [6/11] Compiling C object bwrap.p/bind-mount.c.o
#10 17.11 [7/11] Compiling C object bwrap.p/utils.c.o
#10 17.12 [8/11] Compiling C object tests/test-utils.p/.._utils.c.o
#10 17.13 [9/11] Linking target tests/test-utils
#10 17.26 [10/11] Compiling C object bwrap.p/bubblewrap.c.o
#10 17.26 ../bubblewrap.c:703:1: warning: ‘has_caps’ defined but not used [-Wunused-function]
#10 17.26   703 | has_caps (void)
#10 17.26       | ^~~~~~~~
#10 17.26 [11/11] Linking target bwrap
#10 17.27 INFO: autodetecting backend as ninja
#10 17.27 INFO: calculating backend command to run: /usr/bin/ninja -C /build/bubblewrap/build
#10 DONE 17.4s

#6 [stage-1 2/6] RUN dnf --setopt=install_weak_deps=False -y install       "https://mirrors.rpmfusion.org/free/fedora/rpmfusion-free-release-$(rpm -E %fedora).noarch.rpm"       "https://mirrors.rpmfusion.org/nonfree/fedora/rpmfusion-nonfree-release-$(rpm -E %fedora).noarch.rpm"     && dnf --setopt=install_weak_deps=False -y install       dbus-daemon file gamescope lsb-release pciutils steam       libglvnd-egl.i686 libglvnd-gles.i686 libglvnd-glx.i686       mesa-dri-drivers.i686 mesa-libEGL.i686 mesa-libGL.i686 mesa-libgbm.i686       mesa-vulkan-drivers.i686 vulkan-loader.i686     && dnf clean all     && rm -rf /var/cache/dnf
#6 25.09 [168/330] harfbuzz-0:11.5.1-2.fc43.i686 100% |   8.5 MiB/s |   1.1 MiB |  00m00s
#6 25.11 [169/330] zlib-ng-compat-0:2.3.3-2.fc43 100% |   2.0 MiB/s |  96.9 KiB |  00m00s
#6 25.11 [170/330] graphite2-0:1.3.14-19.fc43.i6 100% |   1.7 MiB/s |  97.0 KiB |  00m00s
#6 25.13 [171/330] nspr-0:4.39.0-2.fc43.x86_64   100% |   3.5 MiB/s | 137.8 KiB |  00m00s
#6 25.15 [172/330] nss-util-0:3.125.0-1.fc43.x86 100% |   2.3 MiB/s |  86.5 KiB |  00m00s
#6 25.15 [173/330] nspr-0:4.39.0-2.fc43.i686     100% |   3.4 MiB/s | 148.7 KiB |  00m00s
#6 25.16 [174/330] nss-util-0:3.125.0-1.fc43.i68 100% |   2.4 MiB/s |  91.3 KiB |  00m00s
#6 25.19 [175/330] elfutils-libelf-0:0.195-1.fc4 100% |   4.9 MiB/s | 213.9 KiB |  00m00s
#6 25.19 [176/330] libX11-xcb-0:1.8.13-1.fc43.i6 100% | 363.8 KiB/s |  10.9 KiB |  00m00s
#6 25.20 [177/330] expat-0:2.8.1-1.fc43.i686     100% |   2.6 MiB/s | 128.6 KiB |  00m00s
#6 25.22 [178/330] libwayland-client-0:1.25.0-1. 100% |   1.3 MiB/s |  35.4 KiB |  00m00s
#6 25.24 [179/330] libX11-0:1.8.13-1.fc43.i686   100% |  12.7 MiB/s | 675.0 KiB |  00m00s
#6 25.27 [180/330] llvm-filesystem-0:21.1.8-4.fc 100% | 304.6 KiB/s |  14.9 KiB |  00m00s
#6 25.74 [181/330] spirv-tools-libs-0:2026.1-2.f 100% |   3.8 MiB/s |   1.9 MiB |  00m00s
#6 25.74 [182/330] libedit-0:3.1-58.20260512cvs. 100% | 235.0 KiB/s | 110.7 KiB |  00m00s
#6 25.85 [183/330] llvm-libs-0:21.1.8-4.fc43.i68 100% |  54.4 MiB/s |  35.6 MiB |  00m01s
#6 25.86 [184/330] libffi-0:3.5.2-1.fc43.i686    100% | 336.6 KiB/s |  39.0 KiB |  00m00s
#6 25.86 [185/330] ncurses-libs-0:6.5-7.20250614 100% |   2.7 MiB/s | 353.1 KiB |  00m00s
#6 25.87 [186/330] libdecor-0:0.2.5-1.fc43.x86_6 100% |   2.8 MiB/s |  57.9 KiB |  00m00s
#6 25.88 [187/330] libdecor-0:0.2.5-1.fc43.i686  100% |   3.0 MiB/s |  60.6 KiB |  00m00s
#6 25.89 [188/330] libwayland-cursor-0:1.25.0-1. 100% | 971.0 KiB/s |  19.4 KiB |  00m00s
#6 25.91 [189/330] cairo-0:1.18.4-2.fc43.i686    100% |  16.5 MiB/s | 777.1 KiB |  00m00s
#6 25.92 [190/330] pango-0:1.57.1-1.fc43.i686    100% |   9.6 MiB/s | 374.6 KiB |  00m00s
#6 25.92 [191/330] libXrender-0:0.9.12-3.fc43.i6 100% |   1.1 MiB/s |  28.9 KiB |  00m00s
#6 25.94 [192/330] fribidi-0:1.0.16-3.fc43.i686  100% |   2.8 MiB/s |  53.9 KiB |  00m00s
#6 25.94 [193/330] lzo-0:2.10-15.fc43.i686       100% |   2.1 MiB/s |  72.4 KiB |  00m00s
#6 25.96 [194/330] pixman-0:0.46.2-2.fc43.i686   100% |   7.4 MiB/s | 304.9 KiB |  00m00s
#6 25.98 [195/330] libXft-0:2.3.8-9.fc43.i686    100% |   2.0 MiB/s |  73.6 KiB |  00m00s
#6 25.98 [196/330] libdatrie-0:0.2.13-12.fc43.i6 100% |   1.4 MiB/s |  32.7 KiB |  00m00s
#6 25.99 [197/330] libthai-0:0.1.29-11.fc43.i686 100% |   5.0 MiB/s | 210.9 KiB |  00m00s
#6 26.00 [198/330] libcloudproviders-0:0.3.6-2.f 100% |   2.0 MiB/s |  46.9 KiB |  00m00s
#6 26.13 [199/330] gtk3-0:3.24.52-1.fc43.x86_64  100% |  38.4 MiB/s |   6.0 MiB |  00m00s
#6 26.15 [200/330] cairo-gobject-0:1.18.4-2.fc43 100% | 112.8 KiB/s |  16.8 KiB |  00m00s
#6 26.24 [201/330] gtk3-0:3.24.52-1.fc43.i686    100% |  24.1 MiB/s |   6.2 MiB |  00m00s
#6 26.25 [202/330] colord-libs-0:1.4.8-2.fc43.i6 100% |   2.0 MiB/s | 243.1 KiB |  00m00s
#6 26.27 [203/330] gdk-pixbuf2-0:2.44.6^really2. 100% |   4.2 MiB/s | 491.8 KiB |  00m00s
#6 26.28 [204/330] libXcomposite-0:0.4.6-6.fc43. 100% | 762.4 KiB/s |  24.4 KiB |  00m00s
#6 26.28 [205/330] libXcursor-0:1.2.3-3.fc43.i68 100% |   1.2 MiB/s |  32.8 KiB |  00m00s
#6 26.29 [206/330] libXdamage-0:1.1.6-6.fc43.i68 100% |   1.2 MiB/s |  23.4 KiB |  00m00s
#6 26.29 [207/330] libXrandr-0:1.5.4-6.fc43.i686 100% |   1.5 MiB/s |  29.0 KiB |  00m00s
#6 26.30 [208/330] libcloudproviders-0:0.3.6-2.f 100% |   2.6 MiB/s |  49.7 KiB |  00m00s
#6 26.33 [209/330] libepoxy-0:1.5.10-11.fc43.i68 100% |   6.5 MiB/s | 246.2 KiB |  00m00s
#6 26.33 [210/330] libxkbcommon-0:1.11.0-1.fc43. 100% |   4.8 MiB/s | 181.0 KiB |  00m00s
#6 26.34 [211/330] lcms2-0:2.16-6.fc43.i686      100% |   5.1 MiB/s | 199.4 KiB |  00m00s
#6 26.36 [212/330] libgusb-0:0.4.9-4.fc43.i686   100% |   2.0 MiB/s |  66.6 KiB |  00m00s
#6 26.37 [213/330] json-glib-0:1.10.8-4.fc43.i68 100% |   5.1 MiB/s | 176.6 KiB |  00m00s
#6 26.40 [214/330] appstream-0:1.1.3-1.fc43.x86_ 100% |  15.2 MiB/s | 952.5 KiB |  00m00s
#6 26.42 [215/330] libfyaml-0:0.8-8.fc43.x86_64  100% |   3.6 MiB/s | 230.0 KiB |  00m00s
#6 26.43 [216/330] libstemmer-0:3.0.1-8.fc43.x86 100% |   2.3 MiB/s | 155.3 KiB |  00m00s
#6 26.45 [217/330] cups-libs-1:2.4.19-3.fc43.x86 100% |   5.2 MiB/s | 261.9 KiB |  00m00s
#6 26.46 [218/330] cups-filesystem-1:2.4.19-3.fc 100% | 396.7 KiB/s |  12.3 KiB |  00m00s
#6 26.54 [219/330] cups-libs-1:2.4.19-3.fc43.i68 100% |   2.5 MiB/s | 285.2 KiB |  00m00s
#6 26.57 [220/330] libnice-0:0.1.22-8.fc43.x86_6 100% |   1.7 MiB/s | 200.2 KiB |  00m00s
#6 26.59 [221/330] gstreamer1-plugins-bad-free-l 100% |   7.2 MiB/s |   1.0 MiB |  00m00s
#6 26.60 [222/330] gupnp-igd-0:1.6.0-7.fc43.x86_ 100% | 621.1 KiB/s |  33.5 KiB |  00m00s
#6 26.61 [223/330] gtk-update-icon-cache-0:3.24. 100% | 909.0 KiB/s |  33.6 KiB |  00m00s
#6 26.63 [224/330] libjpeg-turbo-0:3.1.3-1.fc43. 100% |   5.8 MiB/s | 236.8 KiB |  00m00s
#6 26.64 [225/330] libpng-2:1.6.58-1.fc43.x86_64 100% |   3.0 MiB/s | 125.8 KiB |  00m00s
#6 26.65 [226/330] libpng-2:1.6.58-1.fc43.i686   100% |   3.0 MiB/s | 134.2 KiB |  00m00s
#6 26.70 [227/330] librsvg2-0:2.61.4-1.fc43.x86_ 100% |  26.6 MiB/s |   1.9 MiB |  00m00s
#6 26.71 [228/330] jbigkit-libs-0:2.1-32.fc43.x8 100% | 871.9 KiB/s |  53.2 KiB |  00m00s
#6 26.72 [229/330] libtiff-0:4.7.1-1.fc43.x86_64 100% |   2.8 MiB/s | 222.4 KiB |  00m00s
#6 26.74 [230/330] liblerc-0:4.0.0-9.fc43.x86_64 100% |   5.4 MiB/s | 215.1 KiB |  00m00s
#6 26.75 [231/330] libwebp-0:1.6.0-2.fc43.x86_64 100% |   8.3 MiB/s | 324.2 KiB |  00m00s
#6 26.77 [232/330] libtinysparql-0:3.10.1-5.fc43 100% |   7.4 MiB/s | 347.1 KiB |  00m00s
#6 26.80 [233/330] libtinysparql-0:3.10.1-5.fc43 100% |   8.2 MiB/s | 369.7 KiB |  00m00s
#6 26.83 [234/330] avahi-glib-0:0.9~rc2-6.fc43.i 100% | 263.7 KiB/s |  15.8 KiB |  00m00s
#6 27.01 [235/330] libicu-0:77.1-1.fc43.x86_64   100% |  39.9 MiB/s |  10.7 MiB |  00m00s
#6 27.24 [236/330] libicu-0:77.1-1.fc43.i686     100% |  24.8 MiB/s |  10.9 MiB |  00m00s
#6 27.25 [237/330] libstemmer-0:3.0.1-8.fc43.i68 100% | 386.6 KiB/s | 162.4 KiB |  00m00s
#6 27.26 [238/330] at-spi2-atk-0:2.58.6-1.fc43.x 100% | 361.8 KiB/s |  87.9 KiB |  00m00s
#6 27.28 [239/330] at-spi2-core-0:2.58.6-1.fc43. 100% |   9.4 MiB/s | 394.4 KiB |  00m00s
#6 27.28 [240/330] xprop-0:1.2.8-4.fc43.x86_64   100% |   1.3 MiB/s |  34.8 KiB |  00m00s
#6 27.29 [241/330] atk-0:2.58.6-1.fc43.x86_64    100% |   1.9 MiB/s |  80.2 KiB |  00m00s
#6 27.31 [242/330] at-spi2-atk-0:2.58.6-1.fc43.i 100% |   2.7 MiB/s |  94.1 KiB |  00m00s
#6 27.32 [243/330] at-spi2-core-0:2.58.6-1.fc43. 100% |   9.9 MiB/s | 404.3 KiB |  00m00s
#6 27.33 [244/330] atk-0:2.58.6-1.fc43.i686      100% |   2.0 MiB/s |  81.7 KiB |  00m00s
#6 27.33 [245/330] libwayland-egl-0:1.25.0-1.fc4 100% | 622.9 KiB/s |  12.5 KiB |  00m00s
#6 27.38 [246/330] gnutls-0:3.8.13-1.fc43.i686   100% |  23.9 MiB/s |   1.4 MiB |  00m00s
#6 27.39 [247/330] gmp-1:6.3.0-4.fc43.i686       100% |   5.0 MiB/s | 312.0 KiB |  00m00s
#6 27.40 [248/330] libidn2-0:2.3.8-2.fc43.i686   100% |   2.8 MiB/s | 175.9 KiB |  00m00s
#6 27.42 [249/330] libunistring-0:1.1-10.fc43.i6 100% |  12.8 MiB/s | 550.9 KiB |  00m00s
#6 27.43 [250/330] nettle-0:3.10.1-2.fc43.i686   100% |  10.5 MiB/s | 440.3 KiB |  00m00s
#6 27.44 [251/330] libmount-0:2.41.5-1.fc43.i686 100% |   3.5 MiB/s | 173.6 KiB |  00m00s
#6 27.45 [252/330] libuuid-0:2.41.5-1.fc43.i686  100% |   1.5 MiB/s |  28.5 KiB |  00m00s
#6 27.47 [253/330] libblkid-0:2.41.5-1.fc43.i686 100% |   3.2 MiB/s | 136.3 KiB |  00m00s
#6 27.47 [254/330] libnotify-0:0.8.8-1.fc43.x86_ 100% |   2.1 MiB/s |  55.9 KiB |  00m00s
#6 27.49 [255/330] libsoup3-0:3.6.6-3.fc43.x86_6 100% |  10.8 MiB/s | 451.6 KiB |  00m00s
#6 27.51 [256/330] libnghttp2-0:1.66.0-2.fc43.i6 100% |   1.8 MiB/s |  77.5 KiB |  00m00s
#6 27.52 [257/330] libsoup3-0:3.6.6-3.fc43.i686  100% |   8.6 MiB/s | 473.5 KiB |  00m00s
#6 27.54 [258/330] libpsl-0:0.21.5-6.fc43.i686   100% |   1.4 MiB/s |  65.5 KiB |  00m00s
#6 27.57 [259/330] glycin-libs-0:2.0.8-1.fc43.x8 100% |  25.6 MiB/s |   1.5 MiB |  00m00s
#6 27.58 [260/330] libseccomp-0:2.6.0-2.fc43.x86 100% |   1.3 MiB/s |  75.7 KiB |  00m00s
#6 27.64 [261/330] glycin-loaders-0:2.0.8-1.fc43 100% |  27.3 MiB/s |   2.8 MiB |  00m00s
#6 27.65 [262/330] bubblewrap-0:0.11.0-2.fc43.x8 100% | 850.1 KiB/s |  65.5 KiB |  00m00s
#6 27.67 [263/330] libheif-0:1.20.2-6.fc43.x86_6 100% |   6.0 MiB/s | 578.1 KiB |  00m00s
#6 27.71 [264/330] libopenjph-0:0.22.0-2.fc43.x8 100% |   2.6 MiB/s | 154.4 KiB |  00m00s
#6 27.73 [265/330] glycin-libs-0:2.0.8-1.fc43.i6 100% |  21.5 MiB/s |   1.7 MiB |  00m00s
#6 27.74 [266/330] openjpeg-0:2.5.4-1.fc43.x86_6 100% |   3.0 MiB/s | 192.2 KiB |  00m00s
#6 27.74 [267/330] libseccomp-0:2.6.0-2.fc43.i68 100% |   2.2 MiB/s |  77.8 KiB |  00m00s
#6 27.81 [268/330] glycin-loaders-0:2.0.8-1.fc43 100% |  38.0 MiB/s |   3.3 MiB |  00m00s
#6 27.82 [269/330] libheif-0:1.20.2-6.fc43.i686  100% |   7.5 MiB/s | 610.2 KiB |  00m00s
#6 27.85 [270/330] librsvg2-0:2.61.4-1.fc43.i686 100% |  19.4 MiB/s |   2.0 MiB |  00m00s
#6 27.86 [271/330] libjpeg-turbo-0:3.1.3-1.fc43. 100% |   5.4 MiB/s | 269.6 KiB |  00m00s
#6 27.87 [272/330] libwebp-0:1.6.0-2.fc43.i686   100% |   6.1 MiB/s | 335.9 KiB |  00m00s
#6 27.89 [273/330] openjpeg-0:2.5.4-1.fc43.i686  100% |   4.7 MiB/s | 206.3 KiB |  00m00s
#6 27.91 [274/330] svt-av1-libs-0:3.1.2-1.fc43.i 100% |  20.4 MiB/s | 958.7 KiB |  00m00s
#6 27.91 [275/330] libinput-0:1.30.3-1.fc43.x86_ 100% |   6.2 MiB/s | 266.3 KiB |  00m00s
#6 27.92 [276/330] mtdev-0:1.1.6-11.fc43.x86_64  100% | 844.1 KiB/s |  21.1 KiB |  00m00s
#6 27.97 [277/330] luajit-0:2.1.1767980792-1.fc4 100% |   6.8 MiB/s | 434.0 KiB |  00m00s
#6 27.99 [278/330] sdl2-compat-0:2.32.70-1.fc43. 100% |   1.7 MiB/s | 137.4 KiB |  00m00s
#6 28.00 [279/330] wlroots0.18-0:0.18.3-1.fc43.x 100% |   4.8 MiB/s | 420.4 KiB |  00m00s
#6 28.02 [280/330] xcb-util-errors-0:1.0.1-6.fc4 100% | 409.3 KiB/s |  19.6 KiB |  00m00s
#6 28.02 [281/330] xcb-util-renderutil-0:0.3.10- 100% | 550.2 KiB/s |  17.1 KiB |  00m00s
#6 28.04 [282/330] xcb-util-wm-0:0.4.2-8.fc43.x8 100% |   1.5 MiB/s |  30.5 KiB |  00m00s
#6 28.05 [283/330] libXdmcp-0:1.1.5-4.fc43.x86_6 100% |   1.6 MiB/s |  37.0 KiB |  00m00s
#6 28.07 [284/330] xorg-x11-server-Xwayland-0:24 100% |  19.6 MiB/s |   1.0 MiB |  00m00s
#6 28.08 [285/330] libei-0:1.5.0-1.fc43.x86_64   100% |   1.4 MiB/s |  52.8 KiB |  00m00s
#6 28.08 [286/330] liboeffis-0:1.5.0-1.fc43.x86_ 100% | 637.2 KiB/s |  22.3 KiB |  00m00s
#6 28.09 [287/330] libxcvt-0:0.1.2-10.fc43.x86_6 100% | 712.5 KiB/s |  13.5 KiB |  00m00s
#6 28.10 [288/330] fuse-common-0:3.16.2-6.fc43.x 100% | 347.1 KiB/s |   7.3 KiB |  00m00s
#6 28.11 [289/330] keyutils-libs-0:1.6.3-6.fc43. 100% |   1.5 MiB/s |  31.7 KiB |  00m00s
#6 28.13 [290/330] krb5-libs-0:1.22.2-4.fc43.i68 100% |  15.6 MiB/s | 816.1 KiB |  00m00s
#6 28.14 [291/330] libcom_err-0:1.47.3-2.fc43.i6 100% | 714.4 KiB/s |  27.1 KiB |  00m00s
#6 28.15 [292/330] libverto-0:0.3.2-11.fc43.i686 100% | 637.9 KiB/s |  21.1 KiB |  00m00s
#6 28.17 [293/330] libogg-2:1.3.6-2.fc43.i686    100% |   1.6 MiB/s |  34.3 KiB |  00m00s
#6 28.17 [294/330] libxmlb-0:0.3.28-1.fc43.x86_6 100% |   3.1 MiB/s | 118.9 KiB |  00m00s
#6 28.19 [295/330] xz-libs-1:5.8.1-4.fc43.i686   100% |   2.9 MiB/s | 123.4 KiB |  00m00s
#6 28.21 [296/330] flac-libs-0:1.5.0-5.fc43.i686 100% |   5.7 MiB/s | 240.8 KiB |  00m00s
#6 28.28 [297/330] libaom-0:3.13.3-1.fc43.x86_64 100% |  19.3 MiB/s |   1.9 MiB |  00m00s
#6 28.31 [298/330] libvmaf-0:3.0.0-4.fc43.x86_64 100% |   2.0 MiB/s | 196.6 KiB |  00m00s
#6 28.35 [299/330] libaom-0:3.13.3-1.fc43.i686   100% |  21.9 MiB/s |   1.3 MiB |  00m00s
#6 28.38 [300/330] libdav1d-0:1.5.3-1.fc43.x86_6 100% |   9.2 MiB/s | 637.4 KiB |  00m00s
#6 28.40 [301/330] libdav1d-0:1.5.3-1.fc43.i686  100% |   7.4 MiB/s | 394.7 KiB |  00m00s
#6 28.43 [302/330] rav1e-libs-0:0.8.1-2.fc43.x86 100% |  19.1 MiB/s |   1.1 MiB |  00m00s
#6 28.46 [303/330] rav1e-libs-0:0.8.1-2.fc43.i68 100% |  12.9 MiB/s | 844.3 KiB |  00m00s
#6 28.49 [304/330] libbrotli-0:1.2.0-1.fc43.i686 100% |   6.3 MiB/s | 339.6 KiB |  00m00s
#6 28.49 [305/330] gssdp-0:1.6.6-1.fc43.x86_64   100% |   2.2 MiB/s |  59.4 KiB |  00m00s
#6 28.52 [306/330] gupnp-0:1.6.10-1.fc43.x86_64  100% |   3.1 MiB/s | 106.2 KiB |  00m00s
#6 28.53 [307/330] libgomp-0:15.2.1-7.fc43.i686  100% |  10.0 MiB/s | 380.1 KiB |  00m00s
#6 28.55 [308/330] google-noto-fonts-common-0:20 100% | 961.8 KiB/s |  17.3 KiB |  00m00s
#6 28.56 [309/330] google-noto-sans-vf-fonts-0:2 100% |  14.6 MiB/s | 614.5 KiB |  00m00s
#6 28.58 [310/330] libXfont2-0:2.0.8-1.fc43.x86_ 100% |   4.4 MiB/s | 152.1 KiB |  00m00s
#6 28.58 [311/330] libfontenc-0:1.1.8-4.fc43.x86 100% |   1.4 MiB/s |  32.3 KiB |  00m00s
#6 28.61 [312/330] xkbcomp-0:1.5.0-1.fc43.x86_64 100% |   3.1 MiB/s | 101.3 KiB |  00m00s
#6 28.62 [313/330] libxkbfile-0:1.1.3-4.fc43.x86 100% |   2.8 MiB/s |  91.6 KiB |  00m00s
#6 28.63 [314/330] libseat-0:0.9.3-1.fc43.x86_64 100% |   1.7 MiB/s |  29.1 KiB |  00m00s
#6 28.65 [315/330] libcap-0:2.76-4.fc43.i686     100% |   2.6 MiB/s |  88.0 KiB |  00m00s
#6 28.66 [316/330] libevdev-0:1.13.6-1.fc43.x86_ 100% |   1.7 MiB/s |  38.0 KiB |  00m00s
#6 28.67 [317/330] libwacom-0:2.18.0-1.fc43.x86_ 100% |   2.8 MiB/s |  51.5 KiB |  00m00s
#6 28.69 [318/330] pam-libs-0:1.7.1-4.fc43.i686  100% |   2.6 MiB/s |  59.6 KiB |  00m00s
#6 28.70 [319/330] libwacom-data-0:2.18.0-1.fc43 100% |   8.3 MiB/s | 342.0 KiB |  00m00s
#6 28.71 [320/330] libeconf-0:0.7.9-2.fc43.i686  100% |   1.8 MiB/s |  37.2 KiB |  00m00s
#6 28.73 [321/330] libtasn1-0:4.21.0-1.fc43.i686 100% |   2.2 MiB/s |  75.5 KiB |  00m00s
#6 28.76 [322/330] p11-kit-0:0.26.2-1.fc43.i686  100% |  12.4 MiB/s | 535.2 KiB |  00m00s
#6 28.79 [323/330] libjxl-1:0.11.2-1.fc43.x86_64 100% |  19.9 MiB/s |   1.2 MiB |  00m00s
#6 28.82 [324/330] libjxl-1:0.11.2-1.fc43.i686   100% |  14.7 MiB/s | 949.8 KiB |  00m00s
#6 28.83 [325/330] audit-libs-0:4.1.4-1.fc43.i68 100% |   3.6 MiB/s | 143.8 KiB |  00m00s
#6 28.86 [326/330] highway-0:1.3.0-1.fc43.x86_64 100% |  15.8 MiB/s | 694.5 KiB |  00m00s
#6 28.87 [327/330] highway-0:1.3.0-1.fc43.i686   100% |  10.7 MiB/s | 436.6 KiB |  00m00s
#6 28.88 [328/330] libcap-ng-0:0.9.3-1.fc43.i686 100% |   1.8 MiB/s |  34.6 KiB |  00m00s
#6 28.91 [329/330] fdk-aac-free-0:2.0.0-16.fc43. 100% |   9.1 MiB/s | 334.3 KiB |  00m00s
#6 29.39 [330/330] openh264-0:2.6.0-2.fc43.x86_6 100% | 346.6 KiB/s | 422.8 KiB |  00m01s
#6 29.39 --------------------------------------------------------------------------------
#6 29.39 [330/330] Total                         100% |  25.8 MiB/s | 259.3 MiB |  00m10s
#6 29.40 Running transaction
#6 29.44 Importing OpenPGP key 0x94843C65:
#6 29.44  UserID     : "RPM Fusion nonfree repository for Fedora (2020) <rpmfusion-buildsys@lists.rpmfusion.org>"
#6 29.44  Fingerprint: 79BDB88F9BBF73910FD4095B6A2AF96194843C65
#6 29.44  From       : file:///etc/pki/rpm-gpg/RPM-GPG-KEY-rpmfusion-nonfree-fedora-43
#6 29.45 The key was successfully imported.
#6 31.05 [  1/332] Verify package files          100% | 645.0   B/s | 330.0   B |  00m01s
#6 31.05 [  2/332] Prepare transaction           100% |   7.7 KiB/s | 330.0   B |  00m00s
#6 31.05 [  3/332] Installing dbus-1:1.16.2-1.fc 100% |  20.2 KiB/s | 124.0   B |  00m00s
#6 31.06 [  4/332] Installing fonts-filesystem-1 100% | 256.5 KiB/s | 788.0   B |  00m00s
#6 31.07 [  5/332] Installing hicolor-icon-theme 100% |  17.5 MiB/s | 179.7 KiB |  00m00s
#6 31.07 [  6/332] Installing mesa-filesystem-0: 100% |   2.1 MiB/s |   4.3 KiB |  00m00s
#6 31.07 [  7/332] Installing cups-filesystem-1: 100% | 593.8 KiB/s |   1.8 KiB |  00m00s
#6 31.10 [  8/332] Installing abattis-cantarell- 100% |  47.5 MiB/s | 194.4 KiB |  00m00s
#6 31.10 [  9/332] Installing libwacom-data-0:2. 100% |  62.0 MiB/s |   1.5 MiB |  00m00s
#6 31.11 [ 10/332] Installing google-noto-fonts- 100% |   6.0 MiB/s |  18.5 KiB |  00m00s
#6 31.11 [ 11/332] Installing google-noto-sans-v 100% | 278.3 MiB/s |   1.4 MiB |  00m00s
#6 31.12 [ 12/332] Installing default-fonts-core 100% |   5.9 MiB/s |  18.2 KiB |  00m00s
#6 31.12 [ 13/332] Installing fuse-common-0:3.16 100% | 142.6 KiB/s | 292.0   B |  00m00s
#6 31.16 [ 14/332] Installing llvm-filesystem-0: 100% | 259.8 KiB/s |   1.0 KiB |  00m00s
#6 31.18 [ 15/332] Installing adwaita-icon-theme 100% |  56.6 MiB/s |   2.4 MiB |  00m00s
#6 31.20 [ 16/332] Installing adwaita-cursor-the 100% | 714.3 MiB/s |  11.4 MiB |  00m00s
#6 31.21 [ 17/332] Installing adwaita-icon-theme 100% |  45.3 MiB/s |   1.3 MiB |  00m00s
#6 31.22 [ 18/332] Installing steam-devices-0:1. 100% |   5.3 MiB/s |  16.2 KiB |  00m00s
#6 31.22 [ 19/332] Installing python-pip-wheel-0 100% | 311.3 MiB/s |   1.2 MiB |  00m00s
#6 31.22 [ 20/332] Installing libnsl-0:2.42-13.f 100% |  32.1 MiB/s |  98.6 KiB |  00m00s
#6 31.28 [ 21/332] Installing firewalld-filesyst 100% |  33.0 KiB/s |   1.7 KiB |  00m00s
#6 31.28 >>> Running sysusers scriptlet: dbus-common-1:1.16.2-1.fc43.noarch              
#6 31.28 >>> Finished sysusers scriptlet: dbus-common-1:1.16.2-1.fc43.noarch             
#6 31.28 >>> Scriptlet output:                                                           
#6 31.28 >>> Creating group 'dbus' with GID 81.                                          
#6 31.28 >>> Creating user 'dbus' (System Message Bus) with UID 81 and GID 81.           
#6 31.28 >>>                                                                             
#6 31.29 [ 22/332] Installing dbus-common-1:1.16 100% |   1.7 MiB/s |  13.6 KiB |  00m00s
#6 31.30 [ 23/332] Installing lsb_release-0:3.3- 100% |   3.4 MiB/s |  31.6 KiB |  00m00s
#6 31.31 [ 24/332] Installing libgcc-0:15.2.1-7. 100% |  73.1 MiB/s | 299.3 KiB |  00m00s
#6 31.36 [ 25/332] Installing glibc-0:2.42-13.fc 100% |  90.8 MiB/s |   5.5 MiB |  00m00s
#6 31.37 [ 26/332] Installing nspr-0:4.39.0-2.fc 100% |  77.4 MiB/s | 317.0 KiB |  00m00s
#6 31.37 [ 27/332] Installing nss-util-0:3.125.0 100% |  50.2 MiB/s | 205.7 KiB |  00m00s
#6 31.39 [ 28/332] Installing shared-mime-info-0 100% | 143.8 MiB/s |   2.6 MiB |  00m00s
#6 31.40 [ 29/332] Installing libjpeg-turbo-0:3. 100% | 157.8 MiB/s | 808.0 KiB |  00m00s
#6 31.40 [ 30/332] Installing pixman-0:0.46.2-2. 100% | 173.7 MiB/s | 711.4 KiB |  00m00s
#6 31.41 [ 31/332] Installing fribidi-0:1.0.16-3 100% |  18.8 MiB/s | 192.8 KiB |  00m00s
#6 31.41 [ 32/332] Installing json-glib-0:1.10.8 100% | 118.0 MiB/s | 604.4 KiB |  00m00s
#6 31.42 [ 33/332] Installing libpng-2:1.6.58-1. 100% |  48.2 MiB/s | 246.9 KiB |  00m00s
#6 31.43 [ 34/332] Installing libsoup3-0:3.6.6-3 100% | 296.8 MiB/s |   1.8 MiB |  00m00s
#6 31.43 [ 35/332] Installing libICE-0:1.1.2-3.f 100% |  63.7 MiB/s | 195.8 KiB |  00m00s
#6 31.43 [ 36/332] Installing libgudev-0:238-8.f 100% |  27.8 MiB/s |  85.3 KiB |  00m00s
#6 31.44 [ 37/332] Installing graphene-0:1.10.8- 100% |  52.1 MiB/s | 160.1 KiB |  00m00s
#6 31.44 [ 38/332] Installing libepoxy-0:1.5.10- 100% | 269.6 MiB/s |   1.1 MiB |  00m00s
#6 31.45 [ 39/332] Installing lcms2-0:2.16-6.fc4 100% | 106.3 MiB/s | 435.3 KiB |  00m00s
#6 31.45 [ 40/332] Installing libdav1d-0:1.5.3-1 100% | 338.6 MiB/s |   1.7 MiB |  00m00s
#6 31.46 [ 41/332] Installing gssdp-0:1.6.6-1.fc 100% |  49.8 MiB/s | 153.1 KiB |  00m00s
#6 31.46 [ 42/332] Installing libXcomposite-0:0. 100% |  13.7 MiB/s |  42.0 KiB |  00m00s
#6 31.46 [ 43/332] Installing libliftoff-0:0.5.0 100% |  14.5 MiB/s |  44.6 KiB |  00m00s
#6 31.47 [ 44/332] Installing svt-av1-libs-0:3.1 100% | 506.3 MiB/s |   5.6 MiB |  00m00s
#6 31.48 [ 45/332] Installing fuse3-libs-0:3.16. 100% |  90.7 MiB/s | 278.6 KiB |  00m00s
#6 31.48 [ 46/332] Installing avahi-glib-0:0.9~r 100% |   6.7 MiB/s |  20.4 KiB |  00m00s
#6 31.49 [ 47/332] Installing libstemmer-0:3.0.1 100% | 161.8 MiB/s | 662.9 KiB |  00m00s
#6 31.49 [ 48/332] Installing cups-libs-1:2.4.19 100% | 151.4 MiB/s | 620.0 KiB |  00m00s
#6 31.50 [ 49/332] Installing libwebp-0:1.6.0-2. 100% | 187.6 MiB/s | 960.7 KiB |  00m00s
#6 31.51 [ 50/332] Installing xprop-0:1.2.8-4.fc 100% |   6.1 MiB/s |  56.0 KiB |  00m00s
#6 31.52 [ 51/332] Installing bubblewrap-0:0.11. 100% |  14.9 MiB/s | 137.2 KiB |  00m00s
#6 31.53 [ 52/332] Installing rav1e-libs-0:0.8.1 100% | 342.6 MiB/s |   3.1 MiB |  00m00s
#6 31.53 [ 53/332] Installing libevdev-0:1.13.6- 100% |  27.1 MiB/s |  83.1 KiB |  00m00s
#6 31.54 [ 54/332] Installing fuse3-0:3.16.2-6.f 100% |  13.5 MiB/s | 124.1 KiB |  00m00s
#6 31.54 [ 55/332] Installing gupnp-0:1.6.10-1.f 100% |  75.6 MiB/s | 309.7 KiB |  00m00s
#6 31.55 [ 56/332] Installing gupnp-igd-0:1.6.0- 100% |  22.3 MiB/s |  68.6 KiB |  00m00s
#6 31.56 [ 57/332] Installing libnice-0:0.1.22-8 100% |  48.9 MiB/s | 500.6 KiB |  00m00s
#6 31.56 [ 58/332] Installing libSM-0:1.2.5-3.fc 100% |  33.3 MiB/s | 102.4 KiB |  00m00s
#6 31.56 [ 59/332] Installing libXt-0:1.3.1-3.fc 100% | 105.2 MiB/s | 431.0 KiB |  00m00s
#6 31.57 [ 60/332] Installing libXmu-0:1.2.1-4.f 100% |  62.9 MiB/s | 193.3 KiB |  00m00s
#6 31.57 [ 61/332] Installing libgusb-0:0.4.9-4. 100% |  53.3 MiB/s | 163.7 KiB |  00m00s
#6 31.58 [ 62/332] Installing colord-libs-0:1.4. 100% | 162.8 MiB/s | 833.8 KiB |  00m00s
#6 31.58 [ 63/332] Installing libyuv-0:0-0.57.20 100% | 166.3 MiB/s | 681.3 KiB |  00m00s
#6 31.59 [ 64/332] Installing libxmlb-0:0.3.28-1 100% |  28.0 MiB/s | 286.4 KiB |  00m00s
#6 31.60 [ 65/332] Installing nss-softokn-freebl 100% | 194.7 MiB/s | 996.9 KiB |  00m00s
#6 31.60 [ 66/332] Installing nss-softokn-0:3.12 100% | 250.4 MiB/s |   2.0 MiB |  00m00s
#6 31.62 [ 67/332] Installing nss-sysinit-0:3.12 100% |   2.1 MiB/s |  19.1 KiB |  00m00s
#6 31.63 [ 68/332] Installing nss-0:3.125.0-1.fc 100% | 158.0 MiB/s |   1.9 MiB |  00m00s
#6 31.64 [ 69/332] Installing dbus-tools-1:1.16. 100% |   9.9 MiB/s | 101.6 KiB |  00m00s
#6 31.64 [ 70/332] Installing libeis-0:1.5.0-1.f 100% |  37.9 MiB/s | 116.4 KiB |  00m00s
#6 31.64 [ 71/332] Installing kmod-libs-0:34.2-2 100% |  44.3 MiB/s | 136.2 KiB |  00m00s
#6 31.65 [ 72/332] Installing pciutils-libs-0:3. 100% |  32.7 MiB/s | 100.4 KiB |  00m00s
#6 31.65 [ 73/332] Installing libvdpau-0:1.5-10. 100% |   7.3 MiB/s |  22.4 KiB |  00m00s
#6 31.66 [ 74/332] Installing openal-soft-0:1.24 100% | 131.9 MiB/s |   1.6 MiB |  00m00s
#6 31.68 [ 75/332] Installing NetworkManager-lib 100% | 836.7 MiB/s |  10.0 MiB |  00m00s
#6 31.68 [ 76/332] Installing libatomic-0:15.2.1 100% |  12.2 MiB/s |  37.5 KiB |  00m00s
#6 31.77 [ 77/332] Installing mpdecimal-0:4.0.1- 100% |  35.6 MiB/s | 218.8 KiB |  00m00s
#6 31.86 [ 78/332] Installing python3-libs-0:3.1 100% | 256.9 MiB/s |  43.7 MiB |  00m00s
#6 31.87 [ 79/332] Installing python3-0:3.14.6-1 100% |   3.0 MiB/s |  30.5 KiB |  00m00s
#6 31.88 [ 80/332] Installing libwacom-0:2.18.0- 100% |  11.3 MiB/s | 116.1 KiB |  00m00s
#6 31.88 [ 81/332] Installing lzo-0:2.10-15.fc43 100% |  58.8 MiB/s | 180.5 KiB |  00m00s
#6 31.89 [ 82/332] Installing libdatrie-0:0.2.13 100% |  17.9 MiB/s |  54.9 KiB |  00m00s
#6 31.89 [ 83/332] Installing libthai-0:0.1.29-1 100% | 191.7 MiB/s | 785.2 KiB |  00m00s
#6 31.90 [ 84/332] Installing libunwind-0:1.8.1- 100% |  48.2 MiB/s | 197.4 KiB |  00m00s
#6 31.92 [ 85/332] Installing gstreamer1-0:1.26. 100% | 234.0 MiB/s |   5.4 MiB |  00m00s
#6 31.92 [ 86/332] Installing cdparanoia-libs-0: 100% |  37.4 MiB/s | 115.0 KiB |  00m00s
#6 31.93 [ 87/332] Installing libtheora-1:1.1.1- 100% | 117.1 MiB/s | 479.7 KiB |  00m00s
#6 31.93 [ 88/332] Installing libvisual-1:0.4.2- 100% | 111.1 MiB/s | 455.1 KiB |  00m00s
#6 31.94 [ 89/332] Installing orc-0:0.4.41-2.fc4 100% |  64.7 MiB/s | 728.9 KiB |  00m00s
#6 31.95 [ 90/332] Installing graphite2-0:1.3.14 100% |  18.9 MiB/s | 193.9 KiB |  00m00s
#6 31.96 [ 91/332] Installing freetype-0:2.13.3- 100% | 166.4 MiB/s | 851.9 KiB |  00m00s
#6 31.97 [ 92/332] Installing harfbuzz-0:11.5.1- 100% | 314.2 MiB/s |   2.8 MiB |  00m00s
#6 31.97 [ 93/332] Installing libcloudproviders- 100% |  41.1 MiB/s | 126.2 KiB |  00m00s
#6 31.99 [ 94/332] Installing libfyaml-0:0.8-8.f 100% |  44.4 MiB/s | 545.4 KiB |  00m00s
#6 32.00 [ 95/332] Installing appstream-0:1.1.3- 100% | 325.5 MiB/s |   4.9 MiB |  00m00s
#6 32.00 [ 96/332] Installing jbigkit-libs-0:2.1 100% |  28.2 MiB/s | 115.4 KiB |  00m00s
#6 32.01 [ 97/332] Installing liblerc-0:4.0.0-9. 100% | 152.7 MiB/s | 625.6 KiB |  00m00s
#6 32.06 [ 98/332] Installing libtiff-0:4.7.1-1. 100% | 153.0 MiB/s | 626.6 KiB |  00m00s
#6 32.07 [ 99/332] Installing libicu-0:77.1-1.fc 100% | 627.4 MiB/s |  36.4 MiB |  00m00s
#6 32.08 [100/332] Installing libtinysparql-0:3. 100% | 194.9 MiB/s | 997.9 KiB |  00m00s
#6 32.08 [101/332] Installing libseccomp-0:2.6.0 100% |  73.8 MiB/s | 226.8 KiB |  00m00s
#6 32.08 [102/332] Installing libopenjph-0:0.22. 100% | 114.1 MiB/s | 467.3 KiB |  00m00s
#6 32.09 [103/332] Installing openjpeg-0:2.5.4-1 100% |  89.5 MiB/s | 458.2 KiB |  00m00s
#6 32.09 [104/332] Installing mtdev-0:1.1.6-11.f 100% |   9.9 MiB/s |  30.4 KiB |  00m00s
#6 32.11 [105/332] Installing libinput-0:1.30.3- 100% |  39.6 MiB/s | 689.5 KiB |  00m00s
#6 32.12 [106/332] Installing luajit-0:2.1.17679 100% | 105.5 MiB/s |   1.4 MiB |  00m00s
#6 32.13 [107/332] Installing xcb-util-errors-0: 100% |  13.5 MiB/s |  41.6 KiB |  00m00s
#6 32.13 [108/332] Installing xcb-util-renderuti 100% |   8.4 MiB/s |  25.8 KiB |  00m00s
#6 32.13 [109/332] Installing xcb-util-wm-0:0.4. 100% |  27.1 MiB/s |  83.2 KiB |  00m00s
#6 32.14 [110/332] Installing libXdmcp-0:1.1.5-4 100% |  26.0 MiB/s |  79.7 KiB |  00m00s
#6 32.14 [111/332] Installing libei-0:1.5.0-1.fc 100% |  28.4 MiB/s | 116.4 KiB |  00m00s
#6 32.14 [112/332] Installing liboeffis-0:1.5.0- 100% |  11.1 MiB/s |  34.1 KiB |  00m00s
#6 32.15 [113/332] Installing libxcvt-0:0.1.2-10 100% |   5.1 MiB/s |  15.6 KiB |  00m00s
#6 32.16 [114/332] Installing openh264-0:2.6.0-2 100% | 182.7 MiB/s |   1.1 MiB |  00m00s
#6 32.17 [115/332] Installing libvmaf-0:3.0.0-4. 100% | 202.2 MiB/s | 828.4 KiB |  00m00s
#6 32.17 [116/332] Installing libaom-0:3.13.3-1. 100% | 503.1 MiB/s |   5.0 MiB |  00m00s
#6 32.17 [117/332] Installing libavif-0:1.3.0-2. 100% |  84.3 MiB/s | 259.1 KiB |  00m00s
#6 32.18 [118/332] Installing libheif-0:1.20.2-6 100% | 258.9 MiB/s |   1.6 MiB |  00m00s
#6 32.18 [119/332] Installing libfontenc-0:1.1.8 100% |  22.2 MiB/s |  68.3 KiB |  00m00s
#6 32.19 [120/332] Installing libXfont2-0:2.0.8- 100% | 113.8 MiB/s | 349.5 KiB |  00m00s
#6 32.19 [121/332] Installing libxkbfile-0:1.1.3 100% |  64.8 MiB/s | 199.1 KiB |  00m00s
#6 32.20 [122/332] Installing xkbcomp-0:1.5.0-1. 100% |  21.7 MiB/s | 222.2 KiB |  00m00s
#6 32.21 [123/332] Installing libseat-0:0.9.3-1. 100% |  15.9 MiB/s |  48.8 KiB |  00m00s
#6 32.22 [124/332] Installing wlroots0.18-0:0.18 100% | 193.0 MiB/s |   1.2 MiB |  00m00s
#6 32.23 [125/332] Installing highway-0:1.3.0-1. 100% | 553.5 MiB/s |   5.5 MiB |  00m00s
#6 32.23 [126/332] Installing libstdc++-0:15.2.1 100% | 318.4 MiB/s |   2.9 MiB |  00m00s
#6 32.24 [127/332] Installing zlib-ng-compat-0:2 100% |  45.4 MiB/s | 185.9 KiB |  00m00s
#6 32.24 [128/332] Installing expat-0:2.8.1-1.fc 100% |  44.1 MiB/s | 316.1 KiB |  00m00s
#6 32.25 [129/332] Installing libX11-xcb-0:1.8.1 100% |   5.4 MiB/s |  11.0 KiB |  00m00s
#6 32.25 [130/332] Installing libzstd-0:1.5.7-2. 100% | 189.6 MiB/s | 776.7 KiB |  00m00s
#6 32.25 [131/332] Installing libffi-0:3.5.2-1.f 100% |  26.1 MiB/s |  80.3 KiB |  00m00s
#6 32.26 [132/332] Installing libwayland-client- 100% |  20.2 MiB/s |  62.0 KiB |  00m00s
#6 32.27 [133/332] Installing libbrotli-0:1.2.0- 100% | 208.4 MiB/s | 853.4 KiB |  00m00s
#6 32.29 [134/332] Installing openssl-libs-1:3.5 100% | 260.8 MiB/s |   7.3 MiB |  00m00s
#6 32.30 [135/332] Installing libglvnd-1:1.7.0-8 100% | 152.7 MiB/s | 469.1 KiB |  00m00s
#6 32.30 [136/332] Installing sqlite-libs-0:3.50 100% | 265.9 MiB/s |   1.6 MiB |  00m00s
#6 32.31 [137/332] Installing nspr-0:4.39.0-2.fc 100% |  81.4 MiB/s | 333.6 KiB |  00m00s
#6 32.31 [138/332] Installing libunistring-0:1.1 100% | 289.0 MiB/s |   1.7 MiB |  00m00s
#6 32.31 [139/332] Installing libogg-2:1.3.6-2.f 100% |  15.1 MiB/s |  46.4 KiB |  00m00s
#6 32.32 [140/332] Installing libidn2-0:2.3.8-2. 100% | 136.2 MiB/s | 557.9 KiB |  00m00s
#6 32.32 [141/332] Installing nss-util-0:3.125.0 100% |  65.4 MiB/s | 200.8 KiB |  00m00s
#6 32.33 [142/332] Installing libwayland-cursor- 100% |  10.9 MiB/s |  33.4 KiB |  00m00s
#6 32.33 [143/332] Installing elfutils-libelf-0: 100% | 291.3 MiB/s |   1.2 MiB |  00m00s
#6 32.34 [144/332] Installing libpng-2:1.6.58-1. 100% |  86.7 MiB/s | 266.3 KiB |  00m00s
#6 32.35 [145/332] Installing spirv-tools-libs-0 100% | 486.6 MiB/s |   6.3 MiB |  00m00s
#6 32.35 [146/332] Installing bzip2-libs-0:1.0.8 100% |  26.3 MiB/s |  80.9 KiB |  00m00s
#6 32.36 [147/332] Installing libxshmfence-0:1.3 100% |   4.2 MiB/s |  12.8 KiB |  00m00s
#6 32.36 [148/332] Installing vulkan-loader-0:1. 100% | 150.3 MiB/s | 615.7 KiB |  00m00s
#6 32.37 [149/332] Installing opus-0:1.5.2-3.fc4 100% |  34.0 MiB/s | 452.1 KiB |  00m00s
#6 32.38 [150/332] Installing pcre2-0:10.47-1.fc 100% | 115.0 MiB/s | 706.5 KiB |  00m00s
#6 32.39 [151/332] Installing fribidi-0:1.0.16-3 100% |  31.0 MiB/s | 190.7 KiB |  00m00s
#6 32.39 [152/332] Installing lcms2-0:2.16-6.fc4 100% | 114.7 MiB/s | 469.6 KiB |  00m00s
#6 32.39 [153/332] Installing gmp-1:6.3.0-4.fc43 100% | 179.8 MiB/s | 736.4 KiB |  00m00s
#6 32.40 [154/332] Installing libuuid-0:2.41.5-1 100% |  13.5 MiB/s |  41.6 KiB |  00m00s
#6 32.40 [155/332] Installing libseccomp-0:2.6.0 100% |  74.9 MiB/s | 230.0 KiB |  00m00s
#6 32.41 [156/332] Installing libdav1d-0:1.5.3-1 100% | 268.4 MiB/s |   1.1 MiB |  00m00s
#6 32.42 [157/332] Installing libtasn1-0:4.21.0- 100% |  59.2 MiB/s | 181.8 KiB |  00m00s
#6 32.42 [158/332] Installing libjxl-1:0.11.2-1. 100% | 411.0 MiB/s |   4.1 MiB |  00m00s
#6 32.43 [159/332] Installing p11-kit-0:0.26.2-1 100% | 266.2 MiB/s |   2.7 MiB |  00m00s
#6 32.44 [160/332] Installing libblkid-0:2.41.5- 100% |  93.2 MiB/s | 286.4 KiB |  00m00s
#6 32.44 [161/332] Installing nettle-0:3.10.1-2. 100% | 190.4 MiB/s | 779.7 KiB |  00m00s
#6 32.45 [162/332] Installing gnutls-0:3.8.13-1. 100% | 492.4 MiB/s |   3.9 MiB |  00m00s
#6 32.45 [163/332] Installing libpsl-0:0.21.5-6. 100% |  25.0 MiB/s |  76.8 KiB |  00m00s
#6 32.46 [164/332] Installing libvorbis-1:1.3.7- 100% | 187.9 MiB/s | 769.7 KiB |  00m00s
#6 32.46 [165/332] Installing flac-libs-0:1.5.0- 100% | 159.4 MiB/s | 652.8 KiB |  00m00s
#6 32.46 [166/332] Installing libevent-0:2.1.12- 100% | 230.2 MiB/s | 943.0 KiB |  00m00s
#6 32.47 [167/332] Installing fmt-0:11.2.0-3.fc4 100% |  87.1 MiB/s | 267.6 KiB |  00m00s
#6 32.48 [168/332] Installing openal-soft-0:1.24 100% | 206.0 MiB/s |   1.6 MiB |  00m00s
#6 32.48 [169/332] Installing webrtc-audio-proce 100% | 270.5 MiB/s |   1.4 MiB |  00m00s
#6 32.49 [170/332] Installing graphite2-0:1.3.14 100% |  31.3 MiB/s | 192.3 KiB |  00m00s
#6 32.55 [171/332] Installing libicu-0:77.1-1.fc 100% | 644.7 MiB/s |  36.7 MiB |  00m00s
#6 32.56 [172/332] Installing highway-0:1.3.0-1. 100% | 370.6 MiB/s |   2.2 MiB |  00m00s
#6 32.56 [173/332] Installing libjxl-1:0.11.2-1. 100% | 386.5 MiB/s |   2.7 MiB |  00m00s
#6 32.57 [174/332] Installing nss-softokn-freebl 100% | 205.3 MiB/s |   1.0 MiB |  00m00s
#6 32.58 [175/332] Installing nss-softokn-0:3.12 100% | 371.5 MiB/s |   2.2 MiB |  00m00s
#6 32.58 [176/332] Installing nss-0:3.125.0-1.fc 100% | 183.5 MiB/s |   2.0 MiB |  00m00s
#6 32.59 [177/332] Installing libICE-0:1.1.2-3.f 100% |  64.7 MiB/s | 198.7 KiB |  00m00s
#6 32.59 [178/332] Installing libXau-0:1.0.12-3. 100% |  24.0 MiB/s |  73.7 KiB |  00m00s
#6 32.62 [179/332] Installing libxcb-0:1.17.0-6. 100% |  37.4 MiB/s |   1.0 MiB |  00m00s
#6 32.63 [180/332] Installing libX11-0:1.8.13-1. 100% | 268.4 MiB/s |   1.3 MiB |  00m00s
#6 32.63 [181/332] Installing libXfixes-0:6.0.1- 100% |   9.0 MiB/s |  27.6 KiB |  00m00s
#6 32.63 [182/332] Installing libXi-0:1.8.2-3.fc 100% |  26.6 MiB/s |  81.7 KiB |  00m00s
#6 32.63 [183/332] Installing libXrender-0:0.9.1 100% |  15.4 MiB/s |  47.3 KiB |  00m00s
#6 32.64 [184/332] Installing libXext-0:1.3.6-4. 100% |  30.6 MiB/s |  94.1 KiB |  00m00s
#6 32.64 [185/332] Installing libXrender-0:0.9.1 100% |  16.4 MiB/s |  50.5 KiB |  00m00s
#6 32.64 [186/332] Installing libXcursor-0:1.2.3 100% |  17.9 MiB/s |  55.1 KiB |  00m00s
#6 32.65 [187/332] Installing libXtst-0:1.2.5-3. 100% |  11.3 MiB/s |  34.6 KiB |  00m00s
#6 32.65 [188/332] Installing libXdamage-0:1.1.6 100% |  13.4 MiB/s |  41.2 KiB |  00m00s
#6 32.66 [189/332] Installing libXinerama-0:1.1. 100% |   5.2 MiB/s |  16.1 KiB |  00m00s
#6 32.66 [190/332] Installing at-spi2-core-0:2.5 100% | 263.8 MiB/s |   1.6 MiB |  00m00s
#6 32.66 [191/332] Installing atk-0:2.58.6-1.fc4 100% |  81.3 MiB/s | 249.9 KiB |  00m00s
#6 32.67 [192/332] Installing libXrandr-0:1.5.4- 100% |  17.3 MiB/s |  53.0 KiB |  00m00s
#6 32.67 [193/332] Installing libva-0:2.22.0-6.f 100% |  81.4 MiB/s | 333.4 KiB |  00m00s
#6 32.67 [194/332] Installing at-spi2-atk-0:2.58 100% |  92.9 MiB/s | 285.4 KiB |  00m00s
#6 32.68 [195/332] Installing libXres-0:1.2.2-6. 100% |   7.2 MiB/s |  22.0 KiB |  00m00s
#6 32.68 [196/332] Installing libXv-0:1.0.13-3.f 100% |   8.9 MiB/s |  27.2 KiB |  00m00s
#6 32.68 [197/332] Installing libXfixes-0:6.0.1- 100% |  10.0 MiB/s |  30.8 KiB |  00m00s
#6 32.69 [198/332] Installing libXi-0:1.8.2-3.fc 100% |  26.3 MiB/s |  80.9 KiB |  00m00s
#6 32.69 [199/332] Installing libXtst-0:1.2.5-3. 100% |  11.0 MiB/s |  33.7 KiB |  00m00s
#6 32.69 [200/332] Installing libXinerama-0:1.1. 100% |   5.0 MiB/s |  15.2 KiB |  00m00s
#6 32.70 [201/332] Installing libXcursor-0:1.2.3 100% |  17.7 MiB/s |  54.4 KiB |  00m00s
#6 32.70 [202/332] Installing libXdamage-0:1.1.6 100% |  13.2 MiB/s |  40.4 KiB |  00m00s
#6 32.70 [203/332] Installing libXrandr-0:1.5.4- 100% |  19.6 MiB/s |  60.2 KiB |  00m00s
#6 32.71 [204/332] Installing libvdpau-0:1.5-10. 100% |   7.0 MiB/s |  21.6 KiB |  00m00s
#6 32.71 [205/332] Installing libXxf86vm-0:1.1.6 100% |   8.4 MiB/s |  25.7 KiB |  00m00s
#6 32.71 [206/332] Installing libXcomposite-0:0. 100% |  13.4 MiB/s |  41.3 KiB |  00m00s
#6 32.72 [207/332] Installing lm_sensors-libs-0: 100% |  26.7 MiB/s |  82.1 KiB |  00m00s
#6 32.72 [208/332] Installing libdisplay-info-0: 100% |  69.2 MiB/s | 212.6 KiB |  00m00s
#6 32.72 [209/332] Installing libnsl-0:2.42-13.f 100% |  33.2 MiB/s | 102.0 KiB |  00m00s
#6 32.73 [210/332] Installing libatomic-0:15.2.1 100% |   7.9 MiB/s |  24.4 KiB |  00m00s
#6 32.73 [211/332] Installing libpciaccess-0:0.1 100% |  16.0 MiB/s |  49.2 KiB |  00m00s
#6 32.74 [212/332] Installing libdrm-0:2.4.134-1 100% | 103.9 MiB/s | 425.5 KiB |  00m00s
#6 32.74 [213/332] Installing libebur128-0:1.2.6 100% |  13.0 MiB/s |  40.0 KiB |  00m00s
#6 32.74 [214/332] Installing liblc3-0:1.1.3-5.f 100% |  57.0 MiB/s | 175.1 KiB |  00m00s
#6 32.75 [215/332] Installing libldac-0:2.0.2.3- 100% |  24.3 MiB/s |  74.6 KiB |  00m00s
#6 32.75 [216/332] Installing libsbc-0:2.0-7.fc4 100% |  29.2 MiB/s |  89.8 KiB |  00m00s
#6 32.75 [217/332] Installing libsepol-0:3.9-2.f 100% | 213.5 MiB/s | 874.3 KiB |  00m00s
#6 32.76 [218/332] Installing libselinux-0:3.9-5 100% |  69.5 MiB/s | 213.6 KiB |  00m00s
#6 32.78 [219/332] Installing libmount-0:2.41.5- 100% | 100.8 MiB/s | 412.8 KiB |  00m00s
#6 32.79 [220/332] Installing glib2-0:2.86.5-1.f 100% | 617.7 MiB/s |  15.4 MiB |  00m00s
#6 32.80 [221/332] Installing freetype-0:2.13.3- 100% | 207.9 MiB/s | 851.6 KiB |  00m00s
#6 32.80 [222/332] Installing harfbuzz-0:11.5.1- 100% | 417.6 MiB/s |   2.9 MiB |  00m00s
#6 32.81 [223/332] Installing json-glib-0:1.10.8 100% | 149.3 MiB/s | 611.7 KiB |  00m00s
#6 32.81 [224/332] Installing ModemManager-glib- 100% | 302.2 MiB/s |   1.5 MiB |  00m00s
#6 32.81 [225/332] Installing libcloudproviders- 100% |  40.8 MiB/s | 125.4 KiB |  00m00s
#6 32.82 [226/332] Installing gsm-0:1.0.23-1.fc4 100% |  21.5 MiB/s |  66.1 KiB |  00m00s
#6 32.82 [227/332] Installing lame-libs-0:3.100- 100% | 304.2 MiB/s |   1.2 MiB |  00m00s
#6 32.83 [228/332] Installing mpg123-libs-0:1.32 100% | 165.4 MiB/s | 846.8 KiB |  00m00s
#6 32.83 [229/332] Installing libsndfile-0:1.2.2 100% | 154.9 MiB/s | 634.6 KiB |  00m00s
#6 32.84 [230/332] Installing libasyncns-0:0.8-3 100% |  18.2 MiB/s |  56.0 KiB |  00m00s
#6 32.85 [231/332] Installing alsa-lib-0:1.2.16. 100% | 132.1 MiB/s |   1.6 MiB |  00m00s
#6 32.85 [232/332] Installing bluez-libs-0:5.87- 100% |  64.7 MiB/s | 198.7 KiB |  00m00s
#6 32.86 [233/332] Installing ncurses-libs-0:6.5 100% | 185.9 MiB/s | 951.9 KiB |  00m00s
#6 32.86 [234/332] Installing libedit-0:3.1-58.2 100% |  79.8 MiB/s | 245.3 KiB |  00m00s
#6 32.86 [235/332] Installing lzo-0:2.10-15.fc43 100% |  58.5 MiB/s | 179.9 KiB |  00m00s
#6 32.87 [236/332] Installing pixman-0:0.46.2-2. 100% | 185.3 MiB/s | 758.9 KiB |  00m00s
#6 32.87 [237/332] Installing libdatrie-0:0.2.13 100% |  18.9 MiB/s |  58.2 KiB |  00m00s
#6 32.87 [238/332] Installing libthai-0:0.1.29-1 100% | 191.5 MiB/s | 784.4 KiB |  00m00s
#6 32.88 [239/332] Installing libepoxy-0:1.5.10- 100% | 268.1 MiB/s |   1.1 MiB |  00m00s
#6 32.88 [240/332] Installing libstemmer-0:3.0.1 100% | 141.1 MiB/s | 578.0 KiB |  00m00s
#6 32.89 [241/332] Installing libwayland-egl-0:1 100% |   4.1 MiB/s |  12.7 KiB |  00m00s
#6 32.89 [242/332] Installing libnghttp2-0:1.66. 100% |  52.9 MiB/s | 162.6 KiB |  00m00s
#6 32.89 [243/332] Installing libjpeg-turbo-0:3. 100% | 215.8 MiB/s | 883.9 KiB |  00m00s
#6 32.90 [244/332] Installing libwebp-0:1.6.0-2. 100% | 200.2 MiB/s |   1.0 MiB |  00m00s
#6 32.91 [245/332] Installing openjpeg-0:2.5.4-1 100% | 117.6 MiB/s | 481.7 KiB |  00m00s
#6 32.91 [246/332] Installing svt-av1-libs-0:3.1 100% | 387.8 MiB/s |   2.7 MiB |  00m00s
#6 32.91 [247/332] Installing keyutils-libs-0:1. 100% |  17.9 MiB/s |  54.9 KiB |  00m00s
#6 32.92 [248/332] Installing libcom_err-0:1.47. 100% |  20.6 MiB/s |  63.3 KiB |  00m00s
#6 32.92 [249/332] Installing libverto-0:0.3.2-1 100% |   8.6 MiB/s |  26.5 KiB |  00m00s
#6 32.93 [250/332] Installing krb5-libs-0:1.22.2 100% | 291.7 MiB/s |   2.3 MiB |  00m00s
#6 32.94 [251/332] Installing libsoup3-0:3.6.6-3 100% | 306.5 MiB/s |   1.8 MiB |  00m00s
#6 32.94 [252/332] Installing xz-libs-1:5.8.1-4. 100% |  57.2 MiB/s | 234.4 KiB |  00m00s
#6 32.95 [253/332] Installing libxml2-0:2.12.10- 100% | 120.2 MiB/s |   1.8 MiB |  00m00s
#6 32.97 [254/332] Installing xml-common-0:0.6.3 100% |  15.8 MiB/s |  81.1 KiB |  00m00s
#6 34.01 [255/332] Installing fontconfig-0:2.17. 100% | 745.8 KiB/s | 785.3 KiB |  00m01s
#6 34.02 [256/332] Installing cairo-0:1.18.4-2.f 100% | 221.5 MiB/s |   1.8 MiB |  00m00s
#6 36.05 [257/332] Installing fontconfig-0:2.17. 100% | 376.7 KiB/s | 764.7 KiB |  00m02s
#6 36.06 [258/332] Installing cairo-gobject-0:1. 100% |  10.4 MiB/s |  32.0 KiB |  00m00s
#6 36.06 [259/332] Installing cairo-0:1.18.4-2.f 100% | 267.7 MiB/s |   1.9 MiB |  00m00s
#6 36.15 [260/332] Installing cairo-gobject-0:1. 100% |  10.2 MiB/s |  31.2 KiB |  00m00s
#6 36.27 [261/332] Installing llvm-libs-0:21.1.8 100% | 712.3 MiB/s | 143.2 MiB |  00m00s
#6 36.27 [262/332] Installing libXft-0:2.3.8-9.f 100% |  40.5 MiB/s | 165.9 KiB |  00m00s
#6 36.29 [263/332] Installing pango-0:1.57.1-1.f 100% |  83.7 MiB/s |   1.0 MiB |  00m00s
#6 36.31 [264/332] Installing librsvg2-0:2.61.4- 100% | 459.1 MiB/s |   5.0 MiB |  00m00s
#6 36.32 [265/332] Installing glycin-loaders-0:2 100% | 670.3 MiB/s |  12.7 MiB |  00m00s
#6 36.33 [266/332] Installing glycin-libs-0:2.0. 100% | 424.0 MiB/s |   4.2 MiB |  00m00s
#6 36.34 [267/332] Installing gdk-pixbuf2-0:2.44 100% | 210.4 MiB/s |   2.5 MiB |  00m00s
#6 36.36 [268/332] Installing gtk-update-icon-ca 100% |   6.9 MiB/s |  63.3 KiB |  00m00s
#6 36.39 [269/332] Installing gtk3-0:3.24.52-1.f 100% | 577.8 MiB/s |  22.5 MiB |  00m00s
#6 36.40 [270/332] Installing libdecor-0:0.2.5-1 100% |  41.0 MiB/s | 167.8 KiB |  00m00s
#6 36.40 [271/332] Installing SDL3-0:3.4.12-1.fc 100% | 383.8 MiB/s |   3.1 MiB |  00m00s
#6 36.41 [272/332] Installing sdl2-compat-0:2.32 100% | 133.5 MiB/s | 410.0 KiB |  00m00s
#6 36.47 [273/332] Installing libnotify-0:0.8.8- 100% |   2.1 MiB/s | 129.0 KiB |  00m00s
#6 36.47 >>> Running sysusers scriptlet: geoclue2-0:2.8.2-1.fc43.x86_64                  
#6 36.47 >>> Finished sysusers scriptlet: geoclue2-0:2.8.2-1.fc43.x86_64                 
#6 36.47 >>> Scriptlet output:                                                           
#6 36.47 >>> Creating group 'geoclue' with GID 999.                                      
#6 36.47 >>> Creating user 'geoclue' (n/a) with UID 999 and GID 999.                     
#6 36.47 >>>                                                                             
#6 36.50 [274/332] Installing geoclue2-0:2.8.2-1 100% |  40.3 MiB/s | 413.2 KiB |  00m00s
#6 36.57 [275/332] Installing iso-codes-0:4.18.0 100% | 901.4 MiB/s |  21.6 MiB |  00m00s
#6 36.57 [276/332] Installing mesa-dri-drivers-0 100% | 748.2 MiB/s |  52.4 MiB |  00m00s
#6 36.59 [277/332] Installing mesa-libgbm-0:25.3 100% |   4.8 MiB/s |  19.7 KiB |  00m00s
#6 36.61 [278/332] Installing gstreamer1-plugins 100% | 217.4 MiB/s |   7.4 MiB |  00m00s
#6 36.62 [279/332] Installing libglvnd-egl-1:1.7 100% |  22.6 MiB/s |  69.6 KiB |  00m00s
#6 36.62 [280/332] Installing mesa-libEGL-0:25.3 100% |  79.6 MiB/s | 326.2 KiB |  00m00s
#6 36.63 [281/332] Installing libglvnd-glx-1:1.7 100% | 148.7 MiB/s | 608.9 KiB |  00m00s
#6 36.63 [282/332] Installing mesa-libGL-0:25.3. 100% | 104.9 MiB/s | 322.2 KiB |  00m00s
#6 36.65 [283/332] Installing xorg-x11-server-Xw 100% | 153.4 MiB/s |   2.3 MiB |  00m00s
#6 36.66 [284/332] Installing xdg-desktop-portal 100% | 144.7 MiB/s |   1.9 MiB |  00m00s
#6 36.67 [285/332] Installing gstreamer1-plugins 100% | 285.8 MiB/s |   3.1 MiB |  00m00s
#6 36.73 [286/332] Installing gtk4-0:4.20.4-1.fc 100% | 507.5 MiB/s |  26.9 MiB |  00m00s
#6 36.74 [287/332] Installing libadwaita-0:1.8.6 100% | 189.5 MiB/s |   3.2 MiB |  00m00s
#6 36.76 [288/332] Installing zenity-0:4.2.2-1.f 100% | 590.1 MiB/s |   8.9 MiB |  00m00s
#6 36.76 [289/332] Installing libva-0:2.22.0-6.f 100% |  88.2 MiB/s | 361.3 KiB |  00m00s
#6 36.77 [290/332] Installing libXft-0:2.3.8-9.f 100% |  40.3 MiB/s | 165.0 KiB |  00m00s
#6 36.77 [291/332] Installing pango-0:1.57.1-1.f 100% | 125.3 MiB/s |   1.0 MiB |  00m00s
#6 36.78 [292/332] Installing libxkbcommon-0:1.1 100% | 102.7 MiB/s | 420.5 KiB |  00m00s
#6 36.79 [293/332] Installing libaom-0:3.13.3-1. 100% | 444.1 MiB/s |   3.6 MiB |  00m00s
#6 36.79 [294/332] Installing rav1e-libs-0:0.8.1 100% | 355.8 MiB/s |   2.1 MiB |  00m00s
#6 36.81 [295/332] Installing libheif-0:1.20.2-6 100% | 315.0 MiB/s |   1.6 MiB |  00m00s
#6 36.82 [296/332] Installing librsvg2-0:2.61.4- 100% | 487.9 MiB/s |   5.4 MiB |  00m00s
#6 36.83 [297/332] Installing glycin-loaders-0:2 100% |   1.3 GiB/s |  14.9 MiB |  00m00s
#6 36.85 [298/332] Installing glycin-libs-0:2.0. 100% | 169.7 MiB/s |   4.8 MiB |  00m00s
#6 36.88 [299/332] Installing gdk-pixbuf2-0:2.44 100% |  90.7 MiB/s |   2.5 MiB |  00m00s
#6 36.90 [300/332] Installing libgomp-0:15.2.1-7 100% |  27.9 MiB/s | 542.0 KiB |  00m00s
#6 36.93 [301/332] Installing fftw-libs-single-0 100% |  52.9 MiB/s |   1.7 MiB |  00m00s
#6 36.93 [302/332] Installing libeconf-0:0.7.9-2 100% |  21.4 MiB/s |  65.8 KiB |  00m00s
#6 36.94 [303/332] Installing libcap-ng-0:0.9.3- 100% |  22.6 MiB/s |  69.3 KiB |  00m00s
#6 36.94 [304/332] Installing audit-libs-0:4.1.4 100% |  96.4 MiB/s | 395.0 KiB |  00m00s
#6 36.95 [305/332] Installing pam-libs-0:1.7.1-4 100% |  42.6 MiB/s | 130.9 KiB |  00m00s
#6 36.96 [306/332] Installing libcap-0:2.76-4.fc 100% |  27.7 MiB/s | 198.9 KiB |  00m00s
#6 36.96 [307/332] Installing systemd-libs-0:258 100% | 292.9 MiB/s |   2.3 MiB |  00m00s
#6 36.97 [308/332] Installing dbus-libs-1:1.16.2 100% | 120.4 MiB/s | 370.0 KiB |  00m00s
#6 36.97 [309/332] Installing avahi-libs-0:0.9~r 100% |  44.8 MiB/s | 183.4 KiB |  00m00s
#6 36.98 [310/332] Installing pulseaudio-libs-0: 100% | 495.2 MiB/s |   3.5 MiB |  00m00s
#6 36.98 [311/332] Installing at-spi2-core-0:2.5 100% | 316.9 MiB/s |   1.6 MiB |  00m00s
#6 36.99 [312/332] Installing atk-0:2.58.6-1.fc4 100% |  83.7 MiB/s | 257.2 KiB |  00m00s
#6 36.99 [313/332] Installing libusb1-0:1.0.30-1 100% |  58.9 MiB/s | 181.0 KiB |  00m00s
#6 37.00 [314/332] Installing libgusb-0:0.4.9-4. 100% |  38.8 MiB/s | 158.9 KiB |  00m00s
#6 37.00 [315/332] Installing colord-libs-0:1.4. 100% | 166.0 MiB/s | 850.0 KiB |  00m00s
#6 37.01 [316/332] Installing at-spi2-atk-0:2.58 100% |  70.8 MiB/s | 290.1 KiB |  00m00s
#6 37.01 [317/332] Installing cups-libs-1:2.4.19 100% | 165.7 MiB/s | 678.6 KiB |  00m00s
#6 37.01 [318/332] Installing avahi-glib-0:0.9~r 100% |   6.4 MiB/s |  19.7 KiB |  00m00s
#6 37.04 [319/332] Installing libtinysparql-0:3. 100% | 204.6 MiB/s |   1.0 MiB |  00m00s
#6 37.05 [320/332] Installing gtk3-0:3.24.52-1.f 100% | 690.1 MiB/s |  23.5 MiB |  00m00s
#6 37.06 [321/332] Installing libdecor-0:0.2.5-1 100% |  37.3 MiB/s | 152.8 KiB |  00m00s
#6 37.08 [322/332] Installing SDL3-0:3.4.12-1.fc 100% | 422.2 MiB/s |   3.4 MiB |  00m00s
#6 37.26 [323/332] Installing mesa-vulkan-driver 100% | 818.2 MiB/s | 156.3 MiB |  00m00s
#6 37.27 [324/332] Installing NetworkManager-lib 100% | 918.7 MiB/s |  10.1 MiB |  00m00s
#6 37.28 [325/332] Installing fdk-aac-free-0:2.0 100% | 149.6 MiB/s | 612.8 KiB |  00m00s
#6 37.29 [326/332] Installing gamescope-0:3.16.2 100% | 249.6 MiB/s |   4.0 MiB |  00m00s
#6 37.31 [327/332] Installing pciutils-0:3.15.0- 100% |  21.2 MiB/s | 303.3 KiB |  00m00s
#6 37.32 [328/332] Installing dbus-daemon-1:1.16 100% |  29.0 MiB/s | 446.0 KiB |  00m00s
#6 37.36 [329/332] Installing file-0:5.46-9.fc43 100% |   9.0 MiB/s | 101.7 KiB |  00m00s
#6 37.39 [330/332] Installing pipewire-libs-0:1. 100% | 187.0 MiB/s |   8.6 MiB |  00m00s
#6 37.40 [331/332] Installing steam-0:1.0.0.87-1 100% | 751.4 MiB/s |  19.5 MiB |  00m00s
#6 40.20 [332/332] Installing libglvnd-gles-1:1. 100% |  30.6 KiB/s |  85.7 KiB |  00m03s
#6 40.20 Complete!
#6 40.23 Removed 44 files, 27 directories (total of 104 MiB). 0 errors occurred.
#6 DONE 40.2s

#11 [stage-1 3/6] COPY --from=bwrap-builder /build/bubblewrap/build/bwrap /usr/bin/bwrap
#11 DONE 0.1s

#12 [stage-1 4/6] COPY images/quasar-steam/quasar-steam /usr/local/bin/quasar-steam
#12 DONE 0.2s

#13 [stage-1 5/6] COPY images/quasar-steam/steam-wrapper /usr/local/bin/quasar-steam-client
#13 DONE 0.1s

#14 [stage-1 6/6] RUN chmod 0755 /usr/local/bin/quasar-steam /usr/local/bin/quasar-steam-client /usr/bin/bwrap
#14 DONE 0.4s

#15 exporting to image
#15 exporting layers
#15 exporting layers 1.3s done
#15 writing image sha256:bcd879e66d29f7bf6dae29a1efdb80eb1fd77ce2bb3f16185d292db4014ef32e done
#15 naming to docker.io/library/quasar-steam:dev done
#15 DONE 1.3s
